run_id,seed,test_ratio,negative_strategy,negatives_per_source,k,algorithm,sources_evaluated,precision_at_k,hit_rate_at_k,mrr,positive_candidates,negative_candidates,runtime_seconds
seed7_random,7,0.2,random,100,1,common_neighbors,3728,0.380633,0.380633,0.501775,20867,372800,0.275005
seed7_random,7,0.2,random,100,3,common_neighbors,3728,0.323677,0.583423,0.501775,20867,372800,0.275005
seed7_random,7,0.2,random,100,5,common_neighbors,3728,0.286212,0.652092,0.501775,20867,372800,0.275005
seed7_random,7,0.2,random,100,10,common_neighbors,3728,0.230499,0.714861,0.501775,20867,372800,0.275005
seed7_random,7,0.2,random,100,20,common_neighbors,3728,0.170266,0.756974,0.501775,20867,372800,0.275005
seed7_random,7,0.2,random,100,1,jaccard,3728,0.28353,0.28353,0.419613,20867,372800,0.705864
seed7_random,7,0.2,random,100,3,jaccard,3728,0.272979,0.492758,0.419613,20867,372800,0.705864
seed7_random,7,0.2,random,100,5,jaccard,3728,0.25397,0.588251,0.419613,20867,372800,0.705864
seed7_random,7,0.2,random,100,10,jaccard,3728,0.219099,0.694206,0.419613,20867,372800,0.705864
seed7_random,7,0.2,random,100,20,jaccard,3728,0.168777,0.754292,0.419613,20867,372800,0.705864
seed7_random,7,0.2,random,100,1,adamic_adar,3728,0.392436,0.392436,0.511789,20867,372800,0.36781
seed7_random,7,0.2,random,100,3,adamic_adar,3728,0.328237,0.594957,0.511789,20867,372800,0.36781
seed7_random,7,0.2,random,100,5,adamic_adar,3728,0.288466,0.657725,0.511789,20867,372800,0.36781
seed7_random,7,0.2,random,100,10,adamic_adar,3728,0.231116,0.715397,0.511789,20867,372800,0.36781
seed7_random,7,0.2,random,100,20,adamic_adar,3728,0.170507,0.756974,0.511789,20867,372800,0.36781
seed7_random,7,0.2,random,100,1,personalized_pagerank,3728,0.42221,0.42221,0.546917,20867,372800,12.983899
seed7_random,7,0.2,random,100,3,personalized_pagerank,3728,0.342454,0.620708,0.546917,20867,372800,12.983899
seed7_random,7,0.2,random,100,5,personalized_pagerank,3728,0.301341,0.697961,0.546917,20867,372800,12.983899
seed7_random,7,0.2,random,100,10,personalized_pagerank,3728,0.238573,0.786212,0.546917,20867,372800,12.983899
seed7_random,7,0.2,random,100,20,personalized_pagerank,3728,0.172559,0.8353,0.546917,20867,372800,12.983899
seed7_random,7,0.2,random,100,1,resource_allocation,3728,0.376878,0.376878,0.501204,20867,372800,0.461043
seed7_random,7,0.2,random,100,3,resource_allocation,3728,0.316613,0.585569,0.501204,20867,372800,0.461043
seed7_random,7,0.2,random,100,5,resource_allocation,3728,0.27838,0.652629,0.501204,20867,372800,0.461043
seed7_random,7,0.2,random,100,10,resource_allocation,3728,0.225912,0.714056,0.501204,20867,372800,0.461043
seed7_random,7,0.2,random,100,20,resource_allocation,3728,0.167221,0.756706,0.501204,20867,372800,0.461043
seed7_random,7,0.2,random,100,1,preferential_attachment,3728,0.24544,0.24544,0.39904,20867,372800,0.173246
seed7_random,7,0.2,random,100,3,preferential_attachment,3728,0.223534,0.458959,0.39904,20867,372800,0.173246
seed7_random,7,0.2,random,100,5,preferential_attachment,3728,0.210086,0.567597,0.39904,20867,372800,0.173246
seed7_random,7,0.2,random,100,10,preferential_attachment,3728,0.183503,0.721567,0.39904,20867,372800,0.173246
seed7_random,7,0.2,random,100,20,preferential_attachment,3728,0.153259,0.895386,0.39904,20867,372800,0.173246
seed7_random,7,0.2,random,100,1,cosine_similarity,3728,0.277629,0.277629,0.41804,20867,372800,0.31045
seed7_random,7,0.2,random,100,3,cosine_similarity,3728,0.267346,0.494367,0.41804,20867,372800,0.31045
seed7_random,7,0.2,random,100,5,cosine_similarity,3728,0.247157,0.598176,0.41804,20867,372800,0.31045
seed7_random,7,0.2,random,100,10,cosine_similarity,3728,0.20971,0.701448,0.41804,20867,372800,0.31045
seed7_random,7,0.2,random,100,20,cosine_similarity,3728,0.162916,0.75456,0.41804,20867,372800,0.31045
seed7_random,7,0.2,random,100,1,sorensen,3728,0.28353,0.28353,0.419613,20867,372800,0.309821
seed7_random,7,0.2,random,100,3,sorensen,3728,0.272979,0.492758,0.419613,20867,372800,0.309821
seed7_random,7,0.2,random,100,5,sorensen,3728,0.25397,0.588251,0.419613,20867,372800,0.309821
seed7_random,7,0.2,random,100,10,sorensen,3728,0.219099,0.694206,0.419613,20867,372800,0.309821
seed7_random,7,0.2,random,100,20,sorensen,3728,0.168777,0.754292,0.419613,20867,372800,0.309821
seed7_random,7,0.2,random,100,1,target_indegree,3728,0.336642,0.336642,0.483034,20867,372800,0.127241
seed7_random,7,0.2,random,100,3,target_indegree,3728,0.279417,0.543187,0.483034,20867,372800,0.127241
seed7_random,7,0.2,random,100,5,target_indegree,3728,0.250751,0.649142,0.483034,20867,372800,0.127241
seed7_random,7,0.2,random,100,10,target_indegree,3728,0.209764,0.792114,0.483034,20867,372800,0.127241
seed7_random,7,0.2,random,100,20,target_indegree,3728,0.167905,0.939109,0.483034,20867,372800,0.127241
seed7_degree_matched,7,0.2,degree_matched,100,1,common_neighbors,3728,0.170869,0.170869,0.300563,20867,372800,0.411181
seed7_degree_matched,7,0.2,degree_matched,100,3,common_neighbors,3728,0.15397,0.352736,0.300563,20867,372800,0.411181
seed7_degree_matched,7,0.2,degree_matched,100,5,common_neighbors,3728,0.142328,0.444474,0.300563,20867,372800,0.411181
seed7_degree_matched,7,0.2,degree_matched,100,10,common_neighbors,3728,0.124195,0.561695,0.300563,20867,372800,0.411181
seed7_degree_matched,7,0.2,degree_matched,100,20,common_neighbors,3728,0.103205,0.672747,0.300563,20867,372800,0.411181
seed7_degree_matched,7,0.2,degree_matched,100,1,jaccard,3728,0.215129,0.215129,0.338768,20867,372800,1.471235
seed7_degree_matched,7,0.2,degree_matched,100,3,jaccard,3728,0.189378,0.390826,0.338768,20867,372800,1.471235
seed7_degree_matched,7,0.2,degree_matched,100,5,jaccard,3728,0.169206,0.474785,0.338768,20867,372800,1.471235
seed7_degree_matched,7,0.2,degree_matched,100,10,jaccard,3728,0.14155,0.576717,0.338768,20867,372800,1.471235
seed7_degree_matched,7,0.2,degree_matched,100,20,jaccard,3728,0.114874,0.677307,0.338768,20867,372800,1.471235
seed7_degree_matched,7,0.2,degree_matched,100,1,adamic_adar,3728,0.174356,0.174356,0.308529,20867,372800,0.642104
seed7_degree_matched,7,0.2,degree_matched,100,3,adamic_adar,3728,0.158977,0.365612,0.308529,20867,372800,0.642104
seed7_degree_matched,7,0.2,degree_matched,100,5,adamic_adar,3728,0.145547,0.456813,0.308529,20867,372800,0.642104
seed7_degree_matched,7,0.2,degree_matched,100,10,adamic_adar,3728,0.127521,0.574303,0.308529,20867,372800,0.642104
seed7_degree_matched,7,0.2,degree_matched,100,20,adamic_adar,3728,0.105271,0.686964,0.308529,20867,372800,0.642104
seed7_degree_matched,7,0.2,degree_matched,100,1,personalized_pagerank,3728,0.164431,0.164431,0.290748,20867,372800,13.19046
seed7_degree_matched,7,0.2,degree_matched,100,3,personalized_pagerank,3728,0.143777,0.33235,0.290748,20867,372800,13.19046
seed7_degree_matched,7,0.2,degree_matched,100,5,personalized_pagerank,3728,0.130097,0.425966,0.290748,20867,372800,13.19046
seed7_degree_matched,7,0.2,degree_matched,100,10,personalized_pagerank,3728,0.111749,0.550429,0.290748,20867,372800,13.19046
seed7_degree_matched,7,0.2,degree_matched,100,20,personalized_pagerank,3728,0.091752,0.67221,0.290748,20867,372800,13.19046
seed7_degree_matched,7,0.2,degree_matched,100,1,resource_allocation,3728,0.186427,0.186427,0.315072,20867,372800,0.612169
seed7_degree_matched,7,0.2,degree_matched,100,3,resource_allocation,3728,0.160676,0.362124,0.315072,20867,372800,0.612169
seed7_degree_matched,7,0.2,degree_matched,100,5,resource_allocation,3728,0.146996,0.458155,0.315072,20867,372800,0.612169
seed7_degree_matched,7,0.2,degree_matched,100,10,resource_allocation,3728,0.127682,0.575376,0.315072,20867,372800,0.612169
seed7_degree_matched,7,0.2,degree_matched,100,20,resource_allocation,3728,0.106666,0.683745,0.315072,20867,372800,0.612169
seed7_degree_matched,7,0.2,degree_matched,100,1,preferential_attachment,3728,0.046942,0.046942,0.136395,20867,372800,0.15724
seed7_degree_matched,7,0.2,degree_matched,100,3,preferential_attachment,3728,0.0473,0.124195,0.136395,20867,372800,0.15724
seed7_degree_matched,7,0.2,degree_matched,100,5,preferential_attachment,3728,0.050107,0.197961,0.136395,20867,372800,0.15724
seed7_degree_matched,7,0.2,degree_matched,100,10,preferential_attachment,3728,0.050751,0.328058,0.136395,20867,372800,0.15724
seed7_degree_matched,7,0.2,degree_matched,100,20,preferential_attachment,3728,0.049812,0.489539,0.136395,20867,372800,0.15724
seed7_degree_matched,7,0.2,degree_matched,100,1,cosine_similarity,3728,0.217006,0.217006,0.340047,20867,372800,0.435665
seed7_degree_matched,7,0.2,degree_matched,100,3,cosine_similarity,3728,0.188036,0.389217,0.340047,20867,372800,0.435665
seed7_degree_matched,7,0.2,degree_matched,100,5,cosine_similarity,3728,0.166631,0.468884,0.340047,20867,372800,0.435665
seed7_degree_matched,7,0.2,degree_matched,100,10,cosine_similarity,3728,0.140692,0.578326,0.340047,20867,372800,0.435665
seed7_degree_matched,7,0.2,degree_matched,100,20,cosine_similarity,3728,0.115384,0.679721,0.340047,20867,372800,0.435665
seed7_degree_matched,7,0.2,degree_matched,100,1,sorensen,3728,0.215129,0.215129,0.338768,20867,372800,0.420674
seed7_degree_matched,7,0.2,degree_matched,100,3,sorensen,3728,0.189378,0.390826,0.338768,20867,372800,0.420674
seed7_degree_matched,7,0.2,degree_matched,100,5,sorensen,3728,0.169206,0.474785,0.338768,20867,372800,0.420674
seed7_degree_matched,7,0.2,degree_matched,100,10,sorensen,3728,0.14155,0.576717,0.338768,20867,372800,0.420674
seed7_degree_matched,7,0.2,degree_matched,100,20,sorensen,3728,0.114874,0.677307,0.338768,20867,372800,0.420674
seed7_degree_matched,7,0.2,degree_matched,100,1,target_indegree,3728,0.055526,0.055526,0.156486,20867,372800,0.126862
seed7_degree_matched,7,0.2,degree_matched,100,3,target_indegree,3728,0.056778,0.157457,0.156486,20867,372800,0.126862
seed7_degree_matched,7,0.2,degree_matched,100,5,target_indegree,3728,0.054882,0.233369,0.156486,20867,372800,0.126862
seed7_degree_matched,7,0.2,degree_matched,100,10,target_indegree,3728,0.052226,0.367758,0.156486,20867,372800,0.126862
seed7_degree_matched,7,0.2,degree_matched,100,20,target_indegree,3728,0.049195,0.511266,0.156486,20867,372800,0.126862
seed7_hard_2hop,7,0.2,hard_2hop,100,1,common_neighbors,3728,0.344957,0.344957,0.458255,20867,372800,0.289331
seed7_hard_2hop,7,0.2,hard_2hop,100,3,common_neighbors,3728,0.293991,0.512339,0.458255,20867,372800,0.289331
seed7_hard_2hop,7,0.2,hard_2hop,100,5,common_neighbors,3728,0.265343,0.590665,0.458255,20867,372800,0.289331
seed7_hard_2hop,7,0.2,hard_2hop,100,10,common_neighbors,3728,0.220011,0.683745,0.458255,20867,372800,0.289331
seed7_hard_2hop,7,0.2,hard_2hop,100,20,common_neighbors,3728,0.16596,0.738197,0.458255,20867,372800,0.289331
seed7_hard_2hop,7,0.2,hard_2hop,100,1,jaccard,3728,0.248927,0.248927,0.371113,20867,372800,0.859376
seed7_hard_2hop,7,0.2,hard_2hop,100,3,jaccard,3728,0.242132,0.411212,0.371113,20867,372800,0.859376
seed7_hard_2hop,7,0.2,hard_2hop,100,5,jaccard,3728,0.231438,0.505901,0.371113,20867,372800,0.859376
seed7_hard_2hop,7,0.2,hard_2hop,100,10,jaccard,3728,0.206545,0.645923,0.371113,20867,372800,0.859376
seed7_hard_2hop,7,0.2,hard_2hop,100,20,jaccard,3728,0.163801,0.732833,0.371113,20867,372800,0.859376
seed7_hard_2hop,7,0.2,hard_2hop,100,1,adamic_adar,3728,0.350054,0.350054,0.466153,20867,372800,0.404122
seed7_hard_2hop,7,0.2,hard_2hop,100,3,adamic_adar,3728,0.299982,0.528433,0.466153,20867,372800,0.404122
seed7_hard_2hop,7,0.2,hard_2hop,100,5,adamic_adar,3728,0.270279,0.606223,0.466153,20867,372800,0.404122
seed7_hard_2hop,7,0.2,hard_2hop,100,10,adamic_adar,3728,0.221727,0.688573,0.466153,20867,372800,0.404122
seed7_hard_2hop,7,0.2,hard_2hop,100,20,adamic_adar,3728,0.166054,0.73927,0.466153,20867,372800,0.404122
seed7_hard_2hop,7,0.2,hard_2hop,100,1,personalized_pagerank,3728,0.367221,0.367221,0.490551,20867,372800,13.099702
seed7_hard_2hop,7,0.2,hard_2hop,100,3,personalized_pagerank,3728,0.306956,0.559013,0.490551,20867,372800,13.099702
seed7_hard_2hop,7,0.2,hard_2hop,100,5,personalized_pagerank,3728,0.276341,0.633852,0.490551,20867,372800,13.099702
seed7_hard_2hop,7,0.2,hard_2hop,100,10,personalized_pagerank,3728,0.2239,0.722103,0.490551,20867,372800,13.099702
seed7_hard_2hop,7,0.2,hard_2hop,100,20,personalized_pagerank,3728,0.167127,0.796406,0.490551,20867,372800,13.099702
seed7_hard_2hop,7,0.2,hard_2hop,100,1,resource_allocation,3728,0.338251,0.338251,0.456301,20867,372800,0.386129
seed7_hard_2hop,7,0.2,hard_2hop,100,3,resource_allocation,3728,0.289074,0.520386,0.456301,20867,372800,0.386129
seed7_hard_2hop,7,0.2,hard_2hop,100,5,resource_allocation,3728,0.260837,0.597103,0.456301,20867,372800,0.386129
seed7_hard_2hop,7,0.2,hard_2hop,100,10,resource_allocation,3728,0.216094,0.686427,0.456301,20867,372800,0.386129
seed7_hard_2hop,7,0.2,hard_2hop,100,20,resource_allocation,3728,0.162782,0.737929,0.456301,20867,372800,0.386129
seed7_hard_2hop,7,0.2,hard_2hop,100,1,preferential_attachment,3728,0.206277,0.206277,0.340772,20867,372800,0.167961
seed7_hard_2hop,7,0.2,hard_2hop,100,3,preferential_attachment,3728,0.195547,0.388948,0.340772,20867,372800,0.167961
seed7_hard_2hop,7,0.2,hard_2hop,100,5,preferential_attachment,3728,0.184603,0.483906,0.340772,20867,372800,0.167961
seed7_hard_2hop,7,0.2,hard_2hop,100,10,preferential_attachment,3728,0.164646,0.605955,0.340772,20867,372800,0.167961
seed7_hard_2hop,7,0.2,hard_2hop,100,20,preferential_attachment,3728,0.139177,0.746781,0.340772,20867,372800,0.167961
seed7_hard_2hop,7,0.2,hard_2hop,100,1,cosine_similarity,3728,0.249464,0.249464,0.371169,20867,372800,0.352413
seed7_hard_2hop,7,0.2,hard_2hop,100,3,cosine_similarity,3728,0.235157,0.407457,0.371169,20867,372800,0.352413
seed7_hard_2hop,7,0.2,hard_2hop,100,5,cosine_similarity,3728,0.226073,0.515826,0.371169,20867,372800,0.352413
seed7_hard_2hop,7,0.2,hard_2hop,100,10,cosine_similarity,3728,0.19831,0.655579,0.371169,20867,372800,0.352413
seed7_hard_2hop,7,0.2,hard_2hop,100,20,cosine_similarity,3728,0.157269,0.733906,0.371169,20867,372800,0.352413
seed7_hard_2hop,7,0.2,hard_2hop,100,1,sorensen,3728,0.248927,0.248927,0.371113,20867,372800,0.324775
seed7_hard_2hop,7,0.2,hard_2hop,100,3,sorensen,3728,0.242132,0.411212,0.371113,20867,372800,0.324775
seed7_hard_2hop,7,0.2,hard_2hop,100,5,sorensen,3728,0.231438,0.505901,0.371113,20867,372800,0.324775
seed7_hard_2hop,7,0.2,hard_2hop,100,10,sorensen,3728,0.206545,0.645923,0.371113,20867,372800,0.324775
seed7_hard_2hop,7,0.2,hard_2hop,100,20,sorensen,3728,0.163801,0.732833,0.371113,20867,372800,0.324775
seed7_hard_2hop,7,0.2,hard_2hop,100,1,target_indegree,3728,0.29721,0.29721,0.423858,20867,372800,0.125954
seed7_hard_2hop,7,0.2,hard_2hop,100,3,target_indegree,3728,0.250715,0.476663,0.423858,20867,372800,0.125954
seed7_hard_2hop,7,0.2,hard_2hop,100,5,target_indegree,3728,0.223283,0.551502,0.423858,20867,372800,0.125954
seed7_hard_2hop,7,0.2,hard_2hop,100,10,target_indegree,3728,0.187124,0.665504,0.423858,20867,372800,0.125954
seed7_hard_2hop,7,0.2,hard_2hop,100,20,target_indegree,3728,0.153407,0.806867,0.423858,20867,372800,0.125954
seed13_random,13,0.2,random,100,1,common_neighbors,3728,0.379828,0.379828,0.499176,20867,372800,0.294978
seed13_random,13,0.2,random,100,3,common_neighbors,3728,0.321084,0.574303,0.499176,20867,372800,0.294978
seed13_random,13,0.2,random,100,5,common_neighbors,3728,0.285193,0.642167,0.499176,20867,372800,0.294978
seed13_random,13,0.2,random,100,10,common_neighbors,3728,0.227977,0.703058,0.499176,20867,372800,0.294978
seed13_random,13,0.2,random,100,20,common_neighbors,3728,0.169447,0.755365,0.499176,20867,372800,0.294978
seed13_random,13,0.2,random,100,1,jaccard,3728,0.289163,0.289163,0.418583,20867,372800,0.710939
seed13_random,13,0.2,random,100,3,jaccard,3728,0.265916,0.474517,0.418583,20867,372800,0.710939
seed13_random,13,0.2,random,100,5,jaccard,3728,0.251931,0.579667,0.418583,20867,372800,0.710939
seed13_random,13,0.2,random,100,10,jaccard,3728,0.217597,0.689914,0.418583,20867,372800,0.710939
seed13_random,13,0.2,random,100,20,jaccard,3728,0.168214,0.753487,0.418583,20867,372800,0.710939
seed13_random,13,0.2,random,100,1,adamic_adar,3728,0.381974,0.381974,0.502887,20867,372800,0.39036
seed13_random,13,0.2,random,100,3,adamic_adar,3728,0.324213,0.58235,0.502887,20867,372800,0.39036
seed13_random,13,0.2,random,100,5,adamic_adar,3728,0.288305,0.650751,0.502887,20867,372800,0.39036
seed13_random,13,0.2,random,100,10,adamic_adar,3728,0.228165,0.708691,0.502887,20867,372800,0.39036
seed13_random,13,0.2,random,100,20,adamic_adar,3728,0.169286,0.75456,0.502887,20867,372800,0.39036
seed13_random,13,0.2,random,100,1,personalized_pagerank,3728,0.411481,0.411481,0.539414,20867,372800,13.050189
seed13_random,13,0.2,random,100,3,personalized_pagerank,3728,0.339145,0.614807,0.539414,20867,372800,13.050189
seed13_random,13,0.2,random,100,5,personalized_pagerank,3728,0.299732,0.698498,0.539414,20867,372800,13.050189
seed13_random,13,0.2,random,100,10,personalized_pagerank,3728,0.236212,0.785944,0.539414,20867,372800,13.050189
seed13_random,13,0.2,random,100,20,personalized_pagerank,3728,0.171727,0.840933,0.539414,20867,372800,13.050189
seed13_random,13,0.2,random,100,1,resource_allocation,3728,0.369099,0.369099,0.493779,20867,372800,0.36965
seed13_random,13,0.2,random,100,3,resource_allocation,3728,0.314914,0.576717,0.493779,20867,372800,0.36965
seed13_random,13,0.2,random,100,5,resource_allocation,3728,0.279185,0.648069,0.493779,20867,372800,0.36965
seed13_random,13,0.2,random,100,10,resource_allocation,3728,0.223498,0.710032,0.493779,20867,372800,0.36965
seed13_random,13,0.2,random,100,20,resource_allocation,3728,0.166001,0.753755,0.493779,20867,372800,0.36965
seed13_random,13,0.2,random,100,1,preferential_attachment,3728,0.252146,0.252146,0.404511,20867,372800,0.171981
seed13_random,13,0.2,random,100,3,preferential_attachment,3728,0.223712,0.459764,0.404511,20867,372800,0.171981
seed13_random,13,0.2,random,100,5,preferential_attachment,3728,0.207457,0.574839,0.404511,20867,372800,0.171981
seed13_random,13,0.2,random,100,10,preferential_attachment,3728,0.182216,0.726395,0.404511,20867,372800,0.171981
seed13_random,13,0.2,random,100,20,preferential_attachment,3728,0.152347,0.892704,0.404511,20867,372800,0.171981
seed13_random,13,0.2,random,100,1,cosine_similarity,3728,0.277897,0.277897,0.414679,20867,372800,0.32118
seed13_random,13,0.2,random,100,3,cosine_similarity,3728,0.264306,0.483906,0.414679,20867,372800,0.32118
seed13_random,13,0.2,random,100,5,cosine_similarity,3728,0.246835,0.591738,0.414679,20867,372800,0.32118
seed13_random,13,0.2,random,100,10,cosine_similarity,3728,0.210917,0.695815,0.414679,20867,372800,0.32118
seed13_random,13,0.2,random,100,20,cosine_similarity,3728,0.16242,0.752682,0.414679,20867,372800,0.32118
seed13_random,13,0.2,random,100,1,sorensen,3728,0.289163,0.289163,0.418583,20867,372800,0.289289
seed13_random,13,0.2,random,100,3,sorensen,3728,0.265916,0.474517,0.418583,20867,372800,0.289289
seed13_random,13,0.2,random,100,5,sorensen,3728,0.251931,0.579667,0.418583,20867,372800,0.289289
seed13_random,13,0.2,random,100,10,sorensen,3728,0.217597,0.689914,0.418583,20867,372800,0.289289
seed13_random,13,0.2,random,100,20,sorensen,3728,0.168214,0.753487,0.418583,20867,372800,0.289289
seed13_random,13,0.2,random,100,1,target_indegree,3728,0.344421,0.344421,0.489128,20867,372800,0.129447
seed13_random,13,0.2,random,100,3,target_indegree,3728,0.282278,0.55338,0.489128,20867,372800,0.129447
seed13_random,13,0.2,random,100,5,target_indegree,3728,0.250966,0.653702,0.489128,20867,372800,0.129447
seed13_random,13,0.2,random,100,10,target_indegree,3728,0.20904,0.796137,0.489128,20867,372800,0.129447
seed13_random,13,0.2,random,100,20,target_indegree,3728,0.16706,0.939109,0.489128,20867,372800,0.129447
seed13_degree_matched,13,0.2,degree_matched,100,1,common_neighbors,3728,0.169796,0.169796,0.29403,20867,372800,0.406489
seed13_degree_matched,13,0.2,degree_matched,100,3,common_neighbors,3728,0.148784,0.336373,0.29403,20867,372800,0.406489
seed13_degree_matched,13,0.2,degree_matched,100,5,common_neighbors,3728,0.139109,0.432672,0.29403,20867,372800,0.406489
seed13_degree_matched,13,0.2,degree_matched,100,10,common_neighbors,3728,0.120681,0.54882,0.29403,20867,372800,0.406489
seed13_degree_matched,13,0.2,degree_matched,100,20,common_neighbors,3728,0.102682,0.664431,0.29403,20867,372800,0.406489
seed13_degree_matched,13,0.2,degree_matched,100,1,jaccard,3728,0.211373,0.211373,0.332929,20867,372800,1.492194
seed13_degree_matched,13,0.2,degree_matched,100,3,jaccard,3728,0.182672,0.382511,0.332929,20867,372800,1.492194
seed13_degree_matched,13,0.2,degree_matched,100,5,jaccard,3728,0.165612,0.463519,0.332929,20867,372800,1.492194
seed13_degree_matched,13,0.2,degree_matched,100,10,jaccard,3728,0.140236,0.570279,0.332929,20867,372800,1.492194
seed13_degree_matched,13,0.2,degree_matched,100,20,jaccard,3728,0.113707,0.668723,0.332929,20867,372800,1.492194
seed13_degree_matched,13,0.2,degree_matched,100,1,adamic_adar,3728,0.174356,0.174356,0.301004,20867,372800,0.630189
seed13_degree_matched,13,0.2,degree_matched,100,3,adamic_adar,3728,0.152003,0.343348,0.301004,20867,372800,0.630189
seed13_degree_matched,13,0.2,degree_matched,100,5,adamic_adar,3728,0.141738,0.440719,0.301004,20867,372800,0.630189
seed13_degree_matched,13,0.2,degree_matched,100,10,adamic_adar,3728,0.124088,0.564378,0.301004,20867,372800,0.630189
seed13_degree_matched,13,0.2,degree_matched,100,20,adamic_adar,3728,0.104238,0.672747,0.301004,20867,372800,0.630189
seed13_degree_matched,13,0.2,degree_matched,100,1,personalized_pagerank,3728,0.163895,0.163895,0.289703,20867,372800,13.111346
seed13_degree_matched,13,0.2,degree_matched,100,3,personalized_pagerank,3728,0.143598,0.334496,0.289703,20867,372800,13.111346
seed13_degree_matched,13,0.2,degree_matched,100,5,personalized_pagerank,3728,0.129185,0.422479,0.289703,20867,372800,13.111346
seed13_degree_matched,13,0.2,degree_matched,100,10,personalized_pagerank,3728,0.1103,0.541309,0.289703,20867,372800,13.111346
seed13_degree_matched,13,0.2,degree_matched,100,20,personalized_pagerank,3728,0.092275,0.672747,0.289703,20867,372800,13.111346
seed13_degree_matched,13,0.2,degree_matched,100,1,resource_allocation,3728,0.183476,0.183476,0.305881,20867,372800,0.570412
seed13_degree_matched,13,0.2,degree_matched,100,3,resource_allocation,3728,0.154238,0.343348,0.305881,20867,372800,0.570412
seed13_degree_matched,13,0.2,degree_matched,100,5,resource_allocation,3728,0.142328,0.4375,0.305881,20867,372800,0.570412
seed13_degree_matched,13,0.2,degree_matched,100,10,resource_allocation,3728,0.125939,0.565987,0.305881,20867,372800,0.570412
seed13_degree_matched,13,0.2,degree_matched,100,20,resource_allocation,3728,0.104802,0.674893,0.305881,20867,372800,0.570412
seed13_degree_matched,13,0.2,degree_matched,100,1,preferential_attachment,3728,0.049356,0.049356,0.137432,20867,372800,0.154268
seed13_degree_matched,13,0.2,degree_matched,100,3,preferential_attachment,3728,0.048462,0.125,0.137432,20867,372800,0.154268
seed13_degree_matched,13,0.2,degree_matched,100,5,preferential_attachment,3728,0.049142,0.192328,0.137432,20867,372800,0.154268
seed13_degree_matched,13,0.2,degree_matched,100,10,preferential_attachment,3728,0.050992,0.331545,0.137432,20867,372800,0.154268
seed13_degree_matched,13,0.2,degree_matched,100,20,preferential_attachment,3728,0.048753,0.49383,0.137432,20867,372800,0.154268
seed13_degree_matched,13,0.2,degree_matched,100,1,cosine_similarity,3728,0.203326,0.203326,0.327369,20867,372800,0.407444
seed13_degree_matched,13,0.2,degree_matched,100,3,cosine_similarity,3728,0.177933,0.378755,0.327369,20867,372800,0.407444
seed13_degree_matched,13,0.2,degree_matched,100,5,cosine_similarity,3728,0.163734,0.462715,0.327369,20867,372800,0.407444
seed13_degree_matched,13,0.2,degree_matched,100,10,cosine_similarity,3728,0.139646,0.567865,0.327369,20867,372800,0.407444
seed13_degree_matched,13,0.2,degree_matched,100,20,cosine_similarity,3728,0.114646,0.673552,0.327369,20867,372800,0.407444
seed13_degree_matched,13,0.2,degree_matched,100,1,sorensen,3728,0.211373,0.211373,0.332929,20867,372800,0.388538
seed13_degree_matched,13,0.2,degree_matched,100,3,sorensen,3728,0.182672,0.382511,0.332929,20867,372800,0.388538
seed13_degree_matched,13,0.2,degree_matched,100,5,sorensen,3728,0.165612,0.463519,0.332929,20867,372800,0.388538
seed13_degree_matched,13,0.2,degree_matched,100,10,sorensen,3728,0.140236,0.570279,0.332929,20867,372800,0.388538
seed13_degree_matched,13,0.2,degree_matched,100,20,sorensen,3728,0.113707,0.668723,0.332929,20867,372800,0.388538
seed13_degree_matched,13,0.2,degree_matched,100,1,target_indegree,3728,0.057672,0.057672,0.15895,20867,372800,0.125974
seed13_degree_matched,13,0.2,degree_matched,100,3,target_indegree,3728,0.059102,0.166041,0.15895,20867,372800,0.125974
seed13_degree_matched,13,0.2,degree_matched,100,5,target_indegree,3728,0.055955,0.23927,0.15895,20867,372800,0.125974
seed13_degree_matched,13,0.2,degree_matched,100,10,target_indegree,3728,0.050885,0.354882,0.15895,20867,372800,0.125974
seed13_degree_matched,13,0.2,degree_matched,100,20,target_indegree,3728,0.048256,0.502682,0.15895,20867,372800,0.125974
seed13_hard_2hop,13,0.2,hard_2hop,100,1,common_neighbors,3728,0.331009,0.331009,0.44956,20867,372800,0.363678
seed13_hard_2hop,13,0.2,hard_2hop,100,3,common_neighbors,3728,0.290951,0.514485,0.44956,20867,372800,0.363678
seed13_hard_2hop,13,0.2,hard_2hop,100,5,common_neighbors,3728,0.263788,0.590397,0.44956,20867,372800,0.363678
seed13_hard_2hop,13,0.2,hard_2hop,100,10,common_neighbors,3728,0.218133,0.671137,0.44956,20867,372800,0.363678
seed13_hard_2hop,13,0.2,hard_2hop,100,20,common_neighbors,3728,0.165102,0.727736,0.44956,20867,372800,0.363678
seed13_hard_2hop,13,0.2,hard_2hop,100,1,jaccard,3728,0.241953,0.241953,0.362866,20867,372800,0.818711
seed13_hard_2hop,13,0.2,hard_2hop,100,3,jaccard,3728,0.234084,0.400215,0.362866,20867,372800,0.818711
seed13_hard_2hop,13,0.2,hard_2hop,100,5,jaccard,3728,0.225268,0.494903,0.362866,20867,372800,0.818711
seed13_hard_2hop,13,0.2,hard_2hop,100,10,jaccard,3728,0.203487,0.630365,0.362866,20867,372800,0.818711
seed13_hard_2hop,13,0.2,hard_2hop,100,20,jaccard,3728,0.162688,0.726127,0.362866,20867,372800,0.818711
seed13_hard_2hop,13,0.2,hard_2hop,100,1,adamic_adar,3728,0.332618,0.332618,0.453578,20867,372800,0.388974
seed13_hard_2hop,13,0.2,hard_2hop,100,3,adamic_adar,3728,0.295869,0.523605,0.453578,20867,372800,0.388974
seed13_hard_2hop,13,0.2,hard_2hop,100,5,adamic_adar,3728,0.266094,0.599517,0.453578,20867,372800,0.388974
seed13_hard_2hop,13,0.2,hard_2hop,100,10,adamic_adar,3728,0.219796,0.677039,0.453578,20867,372800,0.388974
seed13_hard_2hop,13,0.2,hard_2hop,100,20,adamic_adar,3728,0.164928,0.728273,0.453578,20867,372800,0.388974
seed13_hard_2hop,13,0.2,hard_2hop,100,1,personalized_pagerank,3728,0.362661,0.362661,0.482151,20867,372800,12.767284
seed13_hard_2hop,13,0.2,hard_2hop,100,3,personalized_pagerank,3728,0.306062,0.5397,0.482151,20867,372800,12.767284
seed13_hard_2hop,13,0.2,hard_2hop,100,5,personalized_pagerank,3728,0.274678,0.615343,0.482151,20867,372800,12.767284
seed13_hard_2hop,13,0.2,hard_2hop,100,10,personalized_pagerank,3728,0.222103,0.713519,0.482151,20867,372800,12.767284
seed13_hard_2hop,13,0.2,hard_2hop,100,20,personalized_pagerank,3728,0.166537,0.795601,0.482151,20867,372800,12.767284
seed13_hard_2hop,13,0.2,hard_2hop,100,1,resource_allocation,3728,0.323498,0.323498,0.445266,20867,372800,0.38214
seed13_hard_2hop,13,0.2,hard_2hop,100,3,resource_allocation,3728,0.285765,0.511534,0.445266,20867,372800,0.38214
seed13_hard_2hop,13,0.2,hard_2hop,100,5,resource_allocation,3728,0.257672,0.590129,0.445266,20867,372800,0.38214
seed13_hard_2hop,13,0.2,hard_2hop,100,10,resource_allocation,3728,0.213922,0.675161,0.445266,20867,372800,0.38214
seed13_hard_2hop,13,0.2,hard_2hop,100,20,resource_allocation,3728,0.161642,0.727736,0.445266,20867,372800,0.38214
seed13_hard_2hop,13,0.2,hard_2hop,100,1,preferential_attachment,3728,0.211642,0.211642,0.343162,20867,372800,0.165786
seed13_hard_2hop,13,0.2,hard_2hop,100,3,preferential_attachment,3728,0.193312,0.386803,0.343162,20867,372800,0.165786
seed13_hard_2hop,13,0.2,hard_2hop,100,5,preferential_attachment,3728,0.180258,0.477736,0.343162,20867,372800,0.165786
seed13_hard_2hop,13,0.2,hard_2hop,100,10,preferential_attachment,3728,0.162285,0.612124,0.343162,20867,372800,0.165786
seed13_hard_2hop,13,0.2,hard_2hop,100,20,preferential_attachment,3728,0.137648,0.756706,0.343162,20867,372800,0.165786
seed13_hard_2hop,13,0.2,hard_2hop,100,1,cosine_similarity,3728,0.237393,0.237393,0.362099,20867,372800,0.316346
seed13_hard_2hop,13,0.2,hard_2hop,100,3,cosine_similarity,3728,0.229703,0.403702,0.362099,20867,372800,0.316346
seed13_hard_2hop,13,0.2,hard_2hop,100,5,cosine_similarity,3728,0.220011,0.506438,0.362099,20867,372800,0.316346
seed13_hard_2hop,13,0.2,hard_2hop,100,10,cosine_similarity,3728,0.195494,0.646191,0.362099,20867,372800,0.316346
seed13_hard_2hop,13,0.2,hard_2hop,100,20,cosine_similarity,3728,0.156719,0.725858,0.362099,20867,372800,0.316346
seed13_hard_2hop,13,0.2,hard_2hop,100,1,sorensen,3728,0.241953,0.241953,0.362866,20867,372800,0.304221
seed13_hard_2hop,13,0.2,hard_2hop,100,3,sorensen,3728,0.234084,0.400215,0.362866,20867,372800,0.304221
seed13_hard_2hop,13,0.2,hard_2hop,100,5,sorensen,3728,0.225268,0.494903,0.362866,20867,372800,0.304221
seed13_hard_2hop,13,0.2,hard_2hop,100,10,sorensen,3728,0.203487,0.630365,0.362866,20867,372800,0.304221
seed13_hard_2hop,13,0.2,hard_2hop,100,20,sorensen,3728,0.162688,0.726127,0.362866,20867,372800,0.304221
seed13_hard_2hop,13,0.2,hard_2hop,100,1,target_indegree,3728,0.295064,0.295064,0.422849,20867,372800,0.129371
seed13_hard_2hop,13,0.2,hard_2hop,100,3,target_indegree,3728,0.243562,0.469957,0.422849,20867,372800,0.129371
seed13_hard_2hop,13,0.2,hard_2hop,100,5,target_indegree,3728,0.222425,0.561695,0.422849,20867,372800,0.129371
seed13_hard_2hop,13,0.2,hard_2hop,100,10,target_indegree,3728,0.186642,0.681599,0.422849,20867,372800,0.129371
seed13_hard_2hop,13,0.2,hard_2hop,100,20,target_indegree,3728,0.151462,0.807403,0.422849,20867,372800,0.129371
seed21_random,21,0.2,random,100,1,common_neighbors,3728,0.372854,0.372854,0.497177,20867,372800,0.264147
seed21_random,21,0.2,random,100,3,common_neighbors,3728,0.318044,0.582082,0.497177,20867,372800,0.264147
seed21_random,21,0.2,random,100,5,common_neighbors,3728,0.281009,0.650751,0.497177,20867,372800,0.264147
seed21_random,21,0.2,random,100,10,common_neighbors,3728,0.226717,0.710837,0.497177,20867,372800,0.264147
seed21_random,21,0.2,random,100,20,common_neighbors,3728,0.167945,0.751878,0.497177,20867,372800,0.264147
seed21_random,21,0.2,random,100,1,jaccard,3728,0.269313,0.269313,0.406883,20867,372800,0.676685
seed21_random,21,0.2,random,100,3,jaccard,3728,0.262518,0.473176,0.406883,20867,372800,0.676685
seed21_random,21,0.2,random,100,5,jaccard,3728,0.250107,0.583423,0.406883,20867,372800,0.676685
seed21_random,21,0.2,random,100,10,jaccard,3728,0.216068,0.69367,0.406883,20867,372800,0.676685
seed21_random,21,0.2,random,100,20,jaccard,3728,0.166644,0.748391,0.406883,20867,372800,0.676685
seed21_random,21,0.2,random,100,1,adamic_adar,3728,0.380633,0.380633,0.502322,20867,372800,0.367093
seed21_random,21,0.2,random,100,3,adamic_adar,3728,0.319206,0.584764,0.502322,20867,372800,0.367093
seed21_random,21,0.2,random,100,5,adamic_adar,3728,0.282189,0.652629,0.502322,20867,372800,0.367093
seed21_random,21,0.2,random,100,10,adamic_adar,3728,0.226502,0.71191,0.502322,20867,372800,0.367093
seed21_random,21,0.2,random,100,20,adamic_adar,3728,0.168321,0.751878,0.502322,20867,372800,0.367093
seed21_random,21,0.2,random,100,1,personalized_pagerank,3728,0.411481,0.411481,0.538269,20867,372800,12.715349
seed21_random,21,0.2,random,100,3,personalized_pagerank,3728,0.339682,0.613197,0.538269,20867,372800,12.715349
seed21_random,21,0.2,random,100,5,personalized_pagerank,3728,0.298766,0.690719,0.538269,20867,372800,12.715349
seed21_random,21,0.2,random,100,10,personalized_pagerank,3728,0.237554,0.787822,0.538269,20867,372800,12.715349
seed21_random,21,0.2,random,100,20,personalized_pagerank,3728,0.172277,0.8353,0.538269,20867,372800,12.715349
seed21_random,21,0.2,random,100,1,resource_allocation,3728,0.369099,0.369099,0.494772,20867,372800,0.349779
seed21_random,21,0.2,random,100,3,resource_allocation,3728,0.310801,0.580204,0.494772,20867,372800,0.349779
seed21_random,21,0.2,random,100,5,resource_allocation,3728,0.272371,0.645386,0.494772,20867,372800,0.349779
seed21_random,21,0.2,random,100,10,resource_allocation,3728,0.222237,0.710032,0.494772,20867,372800,0.349779
seed21_random,21,0.2,random,100,20,resource_allocation,3728,0.165223,0.751878,0.494772,20867,372800,0.349779
seed21_random,21,0.2,random,100,1,preferential_attachment,3728,0.248927,0.248927,0.404869,20867,372800,0.164775
seed21_random,21,0.2,random,100,3,preferential_attachment,3728,0.225501,0.46647,0.404869,20867,372800,0.164775
seed21_random,21,0.2,random,100,5,preferential_attachment,3728,0.208262,0.583691,0.404869,20867,372800,0.164775
seed21_random,21,0.2,random,100,10,preferential_attachment,3728,0.181545,0.738466,0.404869,20867,372800,0.164775
seed21_random,21,0.2,random,100,20,preferential_attachment,3728,0.152119,0.896459,0.404869,20867,372800,0.164775
seed21_random,21,0.2,random,100,1,cosine_similarity,3728,0.268509,0.268509,0.409587,20867,372800,0.297381
seed21_random,21,0.2,random,100,3,cosine_similarity,3728,0.258047,0.483637,0.409587,20867,372800,0.297381
seed21_random,21,0.2,random,100,5,cosine_similarity,3728,0.241577,0.590129,0.409587,20867,372800,0.297381
seed21_random,21,0.2,random,100,10,cosine_similarity,3728,0.20853,0.698498,0.409587,20867,372800,0.297381
seed21_random,21,0.2,random,100,20,cosine_similarity,3728,0.161427,0.750268,0.409587,20867,372800,0.297381
seed21_random,21,0.2,random,100,1,sorensen,3728,0.269313,0.269313,0.406883,20867,372800,0.280389
seed21_random,21,0.2,random,100,3,sorensen,3728,0.262518,0.473176,0.406883,20867,372800,0.280389
seed21_random,21,0.2,random,100,5,sorensen,3728,0.250107,0.583423,0.406883,20867,372800,0.280389
seed21_random,21,0.2,random,100,10,sorensen,3728,0.216068,0.69367,0.406883,20867,372800,0.280389
seed21_random,21,0.2,random,100,20,sorensen,3728,0.166644,0.748391,0.406883,20867,372800,0.280389
seed21_random,21,0.2,random,100,1,target_indegree,3728,0.340933,0.340933,0.488091,20867,372800,0.123464
seed21_random,21,0.2,random,100,3,target_indegree,3728,0.281026,0.551502,0.488091,20867,372800,0.123464
seed21_random,21,0.2,random,100,5,target_indegree,3728,0.25,0.653433,0.488091,20867,372800,0.123464
seed21_random,21,0.2,random,100,10,target_indegree,3728,0.207216,0.801502,0.488091,20867,372800,0.123464
seed21_random,21,0.2,random,100,20,target_indegree,3728,0.166457,0.942597,0.488091,20867,372800,0.123464
seed21_degree_matched,21,0.2,degree_matched,100,1,common_neighbors,3728,0.165236,0.165236,0.293642,20867,372800,0.36826
seed21_degree_matched,21,0.2,degree_matched,100,3,common_neighbors,3728,0.148337,0.337715,0.293642,20867,372800,0.36826
seed21_degree_matched,21,0.2,degree_matched,100,5,common_neighbors,3728,0.140773,0.442597,0.293642,20867,372800,0.36826
seed21_degree_matched,21,0.2,degree_matched,100,10,common_neighbors,3728,0.12331,0.561695,0.293642,20867,372800,0.36826
seed21_degree_matched,21,0.2,degree_matched,100,20,common_neighbors,3728,0.103205,0.672747,0.293642,20867,372800,0.36826
seed21_degree_matched,21,0.2,degree_matched,100,1,jaccard,3728,0.214056,0.214056,0.333695,20867,372800,1.414779
seed21_degree_matched,21,0.2,degree_matched,100,3,jaccard,3728,0.184639,0.380365,0.333695,20867,372800,1.414779
seed21_degree_matched,21,0.2,degree_matched,100,5,jaccard,3728,0.165826,0.46191,0.333695,20867,372800,1.414779
seed21_degree_matched,21,0.2,degree_matched,100,10,jaccard,3728,0.140853,0.564914,0.333695,20867,372800,1.414779
seed21_degree_matched,21,0.2,degree_matched,100,20,jaccard,3728,0.114217,0.671942,0.333695,20867,372800,1.414779
seed21_degree_matched,21,0.2,degree_matched,100,1,adamic_adar,3728,0.173283,0.173283,0.302418,20867,372800,0.610204
seed21_degree_matched,21,0.2,degree_matched,100,3,adamic_adar,3728,0.152808,0.347908,0.302418,20867,372800,0.610204
seed21_degree_matched,21,0.2,degree_matched,100,5,adamic_adar,3728,0.142436,0.451448,0.302418,20867,372800,0.610204
seed21_degree_matched,21,0.2,degree_matched,100,10,adamic_adar,3728,0.126046,0.567865,0.302418,20867,372800,0.610204
seed21_degree_matched,21,0.2,degree_matched,100,20,adamic_adar,3728,0.104708,0.680794,0.302418,20867,372800,0.610204
seed21_degree_matched,21,0.2,degree_matched,100,1,personalized_pagerank,3728,0.175161,0.175161,0.295283,20867,372800,12.703072
seed21_degree_matched,21,0.2,degree_matched,100,3,personalized_pagerank,3728,0.145833,0.337178,0.295283,20867,372800,12.703072
seed21_degree_matched,21,0.2,degree_matched,100,5,personalized_pagerank,3728,0.129292,0.415504,0.295283,20867,372800,12.703072
seed21_degree_matched,21,0.2,degree_matched,100,10,personalized_pagerank,3728,0.109523,0.53353,0.295283,20867,372800,12.703072
seed21_degree_matched,21,0.2,degree_matched,100,20,personalized_pagerank,3728,0.091457,0.661212,0.295283,20867,372800,12.703072
seed21_degree_matched,21,0.2,degree_matched,100,1,resource_allocation,3728,0.177843,0.177843,0.305414,20867,372800,0.564047
seed21_degree_matched,21,0.2,degree_matched,100,3,resource_allocation,3728,0.155758,0.35059,0.305414,20867,372800,0.564047
seed21_degree_matched,21,0.2,degree_matched,100,5,resource_allocation,3728,0.145011,0.453594,0.305414,20867,372800,0.564047
seed21_degree_matched,21,0.2,degree_matched,100,10,resource_allocation,3728,0.128138,0.573498,0.305414,20867,372800,0.564047
seed21_degree_matched,21,0.2,degree_matched,100,20,resource_allocation,3728,0.105687,0.68133,0.305414,20867,372800,0.564047
seed21_degree_matched,21,0.2,degree_matched,100,1,preferential_attachment,3728,0.049893,0.049893,0.141996,20867,372800,0.153173
seed21_degree_matched,21,0.2,degree_matched,100,3,preferential_attachment,3728,0.052754,0.136266,0.141996,20867,372800,0.153173
seed21_degree_matched,21,0.2,degree_matched,100,5,preferential_attachment,3728,0.054024,0.207082,0.141996,20867,372800,0.153173
seed21_degree_matched,21,0.2,degree_matched,100,10,preferential_attachment,3728,0.052682,0.334764,0.141996,20867,372800,0.153173
seed21_degree_matched,21,0.2,degree_matched,100,20,preferential_attachment,3728,0.049437,0.487929,0.141996,20867,372800,0.153173
seed21_degree_matched,21,0.2,degree_matched,100,1,cosine_similarity,3728,0.212715,0.212715,0.334404,20867,372800,0.400349
seed21_degree_matched,21,0.2,degree_matched,100,3,cosine_similarity,3728,0.184639,0.383315,0.334404,20867,372800,0.400349
seed21_degree_matched,21,0.2,degree_matched,100,5,cosine_similarity,3728,0.164324,0.462983,0.334404,20867,372800,0.400349
seed21_degree_matched,21,0.2,degree_matched,100,10,cosine_similarity,3728,0.139887,0.569742,0.334404,20867,372800,0.400349
seed21_degree_matched,21,0.2,degree_matched,100,20,cosine_similarity,3728,0.115249,0.675161,0.334404,20867,372800,0.400349
seed21_degree_matched,21,0.2,degree_matched,100,1,sorensen,3728,0.214056,0.214056,0.333695,20867,372800,0.386755
seed21_degree_matched,21,0.2,degree_matched,100,3,sorensen,3728,0.184639,0.380365,0.333695,20867,372800,0.386755
seed21_degree_matched,21,0.2,degree_matched,100,5,sorensen,3728,0.165826,0.46191,0.333695,20867,372800,0.386755
seed21_degree_matched,21,0.2,degree_matched,100,10,sorensen,3728,0.140853,0.564914,0.333695,20867,372800,0.386755
seed21_degree_matched,21,0.2,degree_matched,100,20,sorensen,3728,0.114217,0.671942,0.333695,20867,372800,0.386755
seed21_degree_matched,21,0.2,degree_matched,100,1,target_indegree,3728,0.054721,0.054721,0.15556,20867,372800,0.12447
seed21_degree_matched,21,0.2,degree_matched,100,3,target_indegree,3728,0.055079,0.156652,0.15556,20867,372800,0.12447
seed21_degree_matched,21,0.2,degree_matched,100,5,target_indegree,3728,0.055204,0.238197,0.15556,20867,372800,0.12447
seed21_degree_matched,21,0.2,degree_matched,100,10,target_indegree,3728,0.051663,0.361052,0.15556,20867,372800,0.12447
seed21_degree_matched,21,0.2,degree_matched,100,20,target_indegree,3728,0.048739,0.508315,0.15556,20867,372800,0.12447
seed21_hard_2hop,21,0.2,hard_2hop,100,1,common_neighbors,3728,0.332618,0.332618,0.452785,20867,372800,0.289634
seed21_hard_2hop,21,0.2,hard_2hop,100,3,common_neighbors,3728,0.293187,0.520118,0.452785,20867,372800,0.289634
seed21_hard_2hop,21,0.2,hard_2hop,100,5,common_neighbors,3728,0.265773,0.595494,0.452785,20867,372800,0.289634
seed21_hard_2hop,21,0.2,hard_2hop,100,10,common_neighbors,3728,0.218696,0.679185,0.452785,20867,372800,0.289634
seed21_hard_2hop,21,0.2,hard_2hop,100,20,common_neighbors,3728,0.165357,0.73176,0.452785,20867,372800,0.289634
seed21_hard_2hop,21,0.2,hard_2hop,100,1,jaccard,3728,0.242758,0.242758,0.364054,20867,372800,0.896946
seed21_hard_2hop,21,0.2,hard_2hop,100,3,jaccard,3728,0.236499,0.399678,0.364054,20867,372800,0.896946
seed21_hard_2hop,21,0.2,hard_2hop,100,5,jaccard,3728,0.226985,0.49383,0.364054,20867,372800,0.896946
seed21_hard_2hop,21,0.2,hard_2hop,100,10,jaccard,3728,0.203863,0.637607,0.364054,20867,372800,0.896946
seed21_hard_2hop,21,0.2,hard_2hop,100,20,jaccard,3728,0.16246,0.726931,0.364054,20867,372800,0.896946
seed21_hard_2hop,21,0.2,hard_2hop,100,1,adamic_adar,3728,0.338519,0.338519,0.458981,20867,372800,0.388273
seed21_hard_2hop,21,0.2,hard_2hop,100,3,adamic_adar,3728,0.298552,0.526824,0.458981,20867,372800,0.388273
seed21_hard_2hop,21,0.2,hard_2hop,100,5,adamic_adar,3728,0.266899,0.601931,0.458981,20867,372800,0.388273
seed21_hard_2hop,21,0.2,hard_2hop,100,10,adamic_adar,3728,0.219716,0.684549,0.458981,20867,372800,0.388273
seed21_hard_2hop,21,0.2,hard_2hop,100,20,adamic_adar,3728,0.165504,0.732833,0.458981,20867,372800,0.388273
seed21_hard_2hop,21,0.2,hard_2hop,100,1,personalized_pagerank,3728,0.362124,0.362124,0.481359,20867,372800,12.745275
seed21_hard_2hop,21,0.2,hard_2hop,100,3,personalized_pagerank,3728,0.303201,0.538895,0.481359,20867,372800,12.745275
seed21_hard_2hop,21,0.2,hard_2hop,100,5,personalized_pagerank,3728,0.272264,0.618294,0.481359,20867,372800,12.745275
seed21_hard_2hop,21,0.2,hard_2hop,100,10,personalized_pagerank,3728,0.221701,0.709764,0.481359,20867,372800,12.745275
seed21_hard_2hop,21,0.2,hard_2hop,100,20,personalized_pagerank,3728,0.166591,0.791845,0.481359,20867,372800,12.745275
seed21_hard_2hop,21,0.2,hard_2hop,100,1,resource_allocation,3728,0.329131,0.329131,0.451643,20867,372800,0.370726
seed21_hard_2hop,21,0.2,hard_2hop,100,3,resource_allocation,3728,0.287643,0.521996,0.451643,20867,372800,0.370726
seed21_hard_2hop,21,0.2,hard_2hop,100,5,resource_allocation,3728,0.260193,0.597639,0.451643,20867,372800,0.370726
seed21_hard_2hop,21,0.2,hard_2hop,100,10,resource_allocation,3728,0.21419,0.682672,0.451643,20867,372800,0.370726
seed21_hard_2hop,21,0.2,hard_2hop,100,20,resource_allocation,3728,0.162393,0.732564,0.451643,20867,372800,0.370726
seed21_hard_2hop,21,0.2,hard_2hop,100,1,preferential_attachment,3728,0.214324,0.214324,0.346199,20867,372800,0.160188
seed21_hard_2hop,21,0.2,hard_2hop,100,3,preferential_attachment,3728,0.195815,0.389217,0.346199,20867,372800,0.160188
seed21_hard_2hop,21,0.2,hard_2hop,100,5,preferential_attachment,3728,0.181652,0.479345,0.346199,20867,372800,0.160188
seed21_hard_2hop,21,0.2,hard_2hop,100,10,preferential_attachment,3728,0.162124,0.613734,0.346199,20867,372800,0.160188
seed21_hard_2hop,21,0.2,hard_2hop,100,20,preferential_attachment,3728,0.137312,0.754292,0.346199,20867,372800,0.160188
seed21_hard_2hop,21,0.2,hard_2hop,100,1,cosine_similarity,3728,0.236052,0.236052,0.362558,20867,372800,0.321802
seed21_hard_2hop,21,0.2,hard_2hop,100,3,cosine_similarity,3728,0.232564,0.406921,0.362558,20867,372800,0.321802
seed21_hard_2hop,21,0.2,hard_2hop,100,5,cosine_similarity,3728,0.220976,0.508047,0.362558,20867,372800,0.321802
seed21_hard_2hop,21,0.2,hard_2hop,100,10,cosine_similarity,3728,0.195762,0.649678,0.362558,20867,372800,0.321802
seed21_hard_2hop,21,0.2,hard_2hop,100,20,cosine_similarity,3728,0.156049,0.727736,0.362558,20867,372800,0.321802
seed21_hard_2hop,21,0.2,hard_2hop,100,1,sorensen,3728,0.242758,0.242758,0.364054,20867,372800,0.302873
seed21_hard_2hop,21,0.2,hard_2hop,100,3,sorensen,3728,0.236499,0.399678,0.364054,20867,372800,0.302873
seed21_hard_2hop,21,0.2,hard_2hop,100,5,sorensen,3728,0.226985,0.49383,0.364054,20867,372800,0.302873
seed21_hard_2hop,21,0.2,hard_2hop,100,10,sorensen,3728,0.203863,0.637607,0.364054,20867,372800,0.302873
seed21_hard_2hop,21,0.2,hard_2hop,100,20,sorensen,3728,0.16246,0.726931,0.364054,20867,372800,0.302873
seed21_hard_2hop,21,0.2,hard_2hop,100,1,target_indegree,3728,0.292918,0.292918,0.42288,20867,372800,0.128237
seed21_hard_2hop,21,0.2,hard_2hop,100,3,target_indegree,3728,0.249642,0.474785,0.42288,20867,372800,0.128237
seed21_hard_2hop,21,0.2,hard_2hop,100,5,target_indegree,3728,0.221674,0.560354,0.42288,20867,372800,0.128237
seed21_hard_2hop,21,0.2,hard_2hop,100,10,target_indegree,3728,0.18522,0.677307,0.42288,20867,372800,0.128237
seed21_hard_2hop,21,0.2,hard_2hop,100,20,target_indegree,3728,0.15165,0.810891,0.42288,20867,372800,0.128237
seed42_random,42,0.2,random,100,1,common_neighbors,3728,0.367758,0.367758,0.493115,20867,372800,0.276403
seed42_random,42,0.2,random,100,3,common_neighbors,3728,0.316702,0.580472,0.493115,20867,372800,0.276403
seed42_random,42,0.2,random,100,5,common_neighbors,3728,0.279614,0.644582,0.493115,20867,372800,0.276403
seed42_random,42,0.2,random,100,10,common_neighbors,3728,0.228058,0.708423,0.493115,20867,372800,0.276403
seed42_random,42,0.2,random,100,20,common_neighbors,3728,0.170306,0.756438,0.493115,20867,372800,0.276403
seed42_random,42,0.2,random,100,1,jaccard,3728,0.282994,0.282994,0.415952,20867,372800,0.682391
seed42_random,42,0.2,random,100,3,jaccard,3728,0.264932,0.477468,0.415952,20867,372800,0.682391
seed42_random,42,0.2,random,100,5,jaccard,3728,0.249839,0.581545,0.415952,20867,372800,0.682391
seed42_random,42,0.2,random,100,10,jaccard,3728,0.218079,0.69367,0.415952,20867,372800,0.682391
seed42_random,42,0.2,random,100,20,jaccard,3728,0.168656,0.754292,0.415952,20867,372800,0.682391
seed42_random,42,0.2,random,100,1,adamic_adar,3728,0.380365,0.380365,0.502553,20867,372800,0.373
seed42_random,42,0.2,random,100,3,adamic_adar,3728,0.320637,0.588519,0.502553,20867,372800,0.373
seed42_random,42,0.2,random,100,5,adamic_adar,3728,0.282725,0.651556,0.502553,20867,372800,0.373
seed42_random,42,0.2,random,100,10,adamic_adar,3728,0.228433,0.709764,0.502553,20867,372800,0.373
seed42_random,42,0.2,random,100,20,adamic_adar,3728,0.170292,0.75456,0.502553,20867,372800,0.373
seed42_random,42,0.2,random,100,1,personalized_pagerank,3728,0.420333,0.420333,0.546823,20867,372800,12.751484
seed42_random,42,0.2,random,100,3,personalized_pagerank,3728,0.346119,0.622586,0.546823,20867,372800,12.751484
seed42_random,42,0.2,random,100,5,personalized_pagerank,3728,0.302575,0.700644,0.546823,20867,372800,12.751484
seed42_random,42,0.2,random,100,10,personalized_pagerank,3728,0.238627,0.790773,0.546823,20867,372800,12.751484
seed42_random,42,0.2,random,100,20,personalized_pagerank,3728,0.172264,0.840397,0.546823,20867,372800,12.751484
seed42_random,42,0.2,random,100,1,resource_allocation,3728,0.363734,0.363734,0.491403,20867,372800,0.357018
seed42_random,42,0.2,random,100,3,resource_allocation,3728,0.308655,0.580204,0.491403,20867,372800,0.357018
seed42_random,42,0.2,random,100,5,resource_allocation,3728,0.275107,0.651556,0.491403,20867,372800,0.357018
seed42_random,42,0.2,random,100,10,resource_allocation,3728,0.222961,0.709764,0.491403,20867,372800,0.357018
seed42_random,42,0.2,random,100,20,resource_allocation,3728,0.16769,0.754292,0.491403,20867,372800,0.357018
seed42_random,42,0.2,random,100,1,preferential_attachment,3728,0.247854,0.247854,0.404831,20867,372800,0.163027
seed42_random,42,0.2,random,100,3,preferential_attachment,3728,0.221209,0.464324,0.404831,20867,372800,0.163027
seed42_random,42,0.2,random,100,5,preferential_attachment,3728,0.206223,0.57779,0.404831,20867,372800,0.163027
seed42_random,42,0.2,random,100,10,preferential_attachment,3728,0.181491,0.733101,0.404831,20867,372800,0.163027
seed42_random,42,0.2,random,100,20,preferential_attachment,3728,0.152749,0.894313,0.404831,20867,372800,0.163027
seed42_random,42,0.2,random,100,1,cosine_similarity,3728,0.274142,0.274142,0.411519,20867,372800,0.302019
seed42_random,42,0.2,random,100,3,cosine_similarity,3728,0.255454,0.476127,0.411519,20867,372800,0.302019
seed42_random,42,0.2,random,100,5,cosine_similarity,3728,0.244689,0.590129,0.411519,20867,372800,0.302019
seed42_random,42,0.2,random,100,10,cosine_similarity,3728,0.210327,0.694742,0.411519,20867,372800,0.302019
seed42_random,42,0.2,random,100,20,cosine_similarity,3728,0.162969,0.754292,0.411519,20867,372800,0.302019
seed42_random,42,0.2,random,100,1,sorensen,3728,0.282994,0.282994,0.415952,20867,372800,0.294427
seed42_random,42,0.2,random,100,3,sorensen,3728,0.264932,0.477468,0.415952,20867,372800,0.294427
seed42_random,42,0.2,random,100,5,sorensen,3728,0.249839,0.581545,0.415952,20867,372800,0.294427
seed42_random,42,0.2,random,100,10,sorensen,3728,0.218079,0.69367,0.415952,20867,372800,0.294427
seed42_random,42,0.2,random,100,20,sorensen,3728,0.168656,0.754292,0.415952,20867,372800,0.294427
seed42_random,42,0.2,random,100,1,target_indegree,3728,0.345225,0.345225,0.490761,20867,372800,0.125417
seed42_random,42,0.2,random,100,3,target_indegree,3728,0.282636,0.552307,0.490761,20867,372800,0.125417
seed42_random,42,0.2,random,100,5,target_indegree,3728,0.248927,0.650215,0.490761,20867,372800,0.125417
seed42_random,42,0.2,random,100,10,target_indegree,3728,0.206921,0.793991,0.490761,20867,372800,0.125417
seed42_random,42,0.2,random,100,20,target_indegree,3728,0.167382,0.939109,0.490761,20867,372800,0.125417
seed42_degree_matched,42,0.2,degree_matched,100,1,common_neighbors,3728,0.165236,0.165236,0.293782,20867,372800,0.460956
seed42_degree_matched,42,0.2,degree_matched,100,3,common_neighbors,3728,0.148873,0.339324,0.293782,20867,372800,0.460956
seed42_degree_matched,42,0.2,degree_matched,100,5,common_neighbors,3728,0.139485,0.436427,0.293782,20867,372800,0.460956
seed42_degree_matched,42,0.2,degree_matched,100,10,common_neighbors,3728,0.123176,0.5625,0.293782,20867,372800,0.460956
seed42_degree_matched,42,0.2,degree_matched,100,20,common_neighbors,3728,0.103031,0.670333,0.293782,20867,372800,0.460956
seed42_degree_matched,42,0.2,degree_matched,100,1,jaccard,3728,0.222639,0.222639,0.341037,20867,372800,1.421753
seed42_degree_matched,42,0.2,degree_matched,100,3,jaccard,3728,0.187232,0.388412,0.341037,20867,372800,1.421753
seed42_degree_matched,42,0.2,degree_matched,100,5,jaccard,3728,0.167382,0.466202,0.341037,20867,372800,1.421753
seed42_degree_matched,42,0.2,degree_matched,100,10,jaccard,3728,0.140933,0.569206,0.341037,20867,372800,1.421753
seed42_degree_matched,42,0.2,degree_matched,100,20,jaccard,3728,0.114512,0.671406,0.341037,20867,372800,1.421753
seed42_degree_matched,42,0.2,degree_matched,100,1,adamic_adar,3728,0.170601,0.170601,0.301186,20867,372800,0.594924
seed42_degree_matched,42,0.2,degree_matched,100,3,adamic_adar,3728,0.154059,0.35059,0.301186,20867,372800,0.594924
seed42_degree_matched,42,0.2,degree_matched,100,5,adamic_adar,3728,0.141845,0.444206,0.301186,20867,372800,0.594924
seed42_degree_matched,42,0.2,degree_matched,100,10,adamic_adar,3728,0.126797,0.577521,0.301186,20867,372800,0.594924
seed42_degree_matched,42,0.2,degree_matched,100,20,adamic_adar,3728,0.104734,0.677039,0.301186,20867,372800,0.594924
seed42_degree_matched,42,0.2,degree_matched,100,1,personalized_pagerank,3728,0.184013,0.184013,0.306029,20867,372800,12.724142
seed42_degree_matched,42,0.2,degree_matched,100,3,personalized_pagerank,3728,0.150751,0.348176,0.306029,20867,372800,12.724142
seed42_degree_matched,42,0.2,degree_matched,100,5,personalized_pagerank,3728,0.134818,0.435354,0.306029,20867,372800,12.724142
seed42_degree_matched,42,0.2,degree_matched,100,10,personalized_pagerank,3728,0.113278,0.55177,0.306029,20867,372800,12.724142
seed42_degree_matched,42,0.2,degree_matched,100,20,personalized_pagerank,3728,0.092033,0.66309,0.306029,20867,372800,12.724142
seed42_degree_matched,42,0.2,degree_matched,100,1,resource_allocation,3728,0.180794,0.180794,0.30698,20867,372800,0.556191
seed42_degree_matched,42,0.2,degree_matched,100,3,resource_allocation,3728,0.154954,0.348444,0.30698,20867,372800,0.556191
seed42_degree_matched,42,0.2,degree_matched,100,5,resource_allocation,3728,0.141524,0.443938,0.30698,20867,372800,0.556191
seed42_degree_matched,42,0.2,degree_matched,100,10,resource_allocation,3728,0.127414,0.576448,0.30698,20867,372800,0.556191
seed42_degree_matched,42,0.2,degree_matched,100,20,resource_allocation,3728,0.106304,0.680258,0.30698,20867,372800,0.556191
seed42_degree_matched,42,0.2,degree_matched,100,1,preferential_attachment,3728,0.048015,0.048015,0.137523,20867,372800,0.155852
seed42_degree_matched,42,0.2,degree_matched,100,3,preferential_attachment,3728,0.048373,0.126341,0.137523,20867,372800,0.155852
seed42_degree_matched,42,0.2,degree_matched,100,5,preferential_attachment,3728,0.049142,0.193401,0.137523,20867,372800,0.155852
seed42_degree_matched,42,0.2,degree_matched,100,10,preferential_attachment,3728,0.050644,0.33235,0.137523,20867,372800,0.155852
seed42_degree_matched,42,0.2,degree_matched,100,20,preferential_attachment,3728,0.049008,0.491148,0.137523,20867,372800,0.155852
seed42_degree_matched,42,0.2,degree_matched,100,1,cosine_similarity,3728,0.216738,0.216738,0.335301,20867,372800,0.408901
seed42_degree_matched,42,0.2,degree_matched,100,3,cosine_similarity,3728,0.183387,0.380633,0.335301,20867,372800,0.408901
seed42_degree_matched,42,0.2,degree_matched,100,5,cosine_similarity,3728,0.165021,0.463519,0.335301,20867,372800,0.408901
seed42_degree_matched,42,0.2,degree_matched,100,10,cosine_similarity,3728,0.140773,0.569474,0.335301,20867,372800,0.408901
seed42_degree_matched,42,0.2,degree_matched,100,20,cosine_similarity,3728,0.115719,0.673552,0.335301,20867,372800,0.408901
seed42_degree_matched,42,0.2,degree_matched,100,1,sorensen,3728,0.222639,0.222639,0.341037,20867,372800,0.387422
seed42_degree_matched,42,0.2,degree_matched,100,3,sorensen,3728,0.187232,0.388412,0.341037,20867,372800,0.387422
seed42_degree_matched,42,0.2,degree_matched,100,5,sorensen,3728,0.167382,0.466202,0.341037,20867,372800,0.387422
seed42_degree_matched,42,0.2,degree_matched,100,10,sorensen,3728,0.140933,0.569206,0.341037,20867,372800,0.387422
seed42_degree_matched,42,0.2,degree_matched,100,20,sorensen,3728,0.114512,0.671406,0.341037,20867,372800,0.387422
seed42_degree_matched,42,0.2,degree_matched,100,1,target_indegree,3728,0.054185,0.054185,0.154603,20867,372800,0.127044
seed42_degree_matched,42,0.2,degree_matched,100,3,target_indegree,3728,0.054989,0.151824,0.154603,20867,372800,0.127044
seed42_degree_matched,42,0.2,degree_matched,100,5,target_indegree,3728,0.055526,0.235783,0.154603,20867,372800,0.127044
seed42_degree_matched,42,0.2,degree_matched,100,10,target_indegree,3728,0.051824,0.36427,0.154603,20867,372800,0.127044
seed42_degree_matched,42,0.2,degree_matched,100,20,target_indegree,3728,0.048954,0.508584,0.154603,20867,372800,0.127044
seed42_hard_2hop,42,0.2,hard_2hop,100,1,common_neighbors,3728,0.329131,0.329131,0.447876,20867,372800,0.28247
seed42_hard_2hop,42,0.2,hard_2hop,100,3,common_neighbors,3728,0.29417,0.515021,0.447876,20867,372800,0.28247
seed42_hard_2hop,42,0.2,hard_2hop,100,5,common_neighbors,3728,0.265021,0.588788,0.447876,20867,372800,0.28247
seed42_hard_2hop,42,0.2,hard_2hop,100,10,common_neighbors,3728,0.219635,0.670601,0.447876,20867,372800,0.28247
seed42_hard_2hop,42,0.2,hard_2hop,100,20,common_neighbors,3728,0.166282,0.734979,0.447876,20867,372800,0.28247
seed42_hard_2hop,42,0.2,hard_2hop,100,1,jaccard,3728,0.240343,0.240343,0.363244,20867,372800,0.899467
seed42_hard_2hop,42,0.2,hard_2hop,100,3,jaccard,3728,0.235962,0.404506,0.363244,20867,372800,0.899467
seed42_hard_2hop,42,0.2,hard_2hop,100,5,jaccard,3728,0.226448,0.493294,0.363244,20867,372800,0.899467
seed42_hard_2hop,42,0.2,hard_2hop,100,10,jaccard,3728,0.204721,0.631438,0.363244,20867,372800,0.899467
seed42_hard_2hop,42,0.2,hard_2hop,100,20,jaccard,3728,0.163117,0.731491,0.363244,20867,372800,0.899467
seed42_hard_2hop,42,0.2,hard_2hop,100,1,adamic_adar,3728,0.3353,0.3353,0.454657,20867,372800,0.394152
seed42_hard_2hop,42,0.2,hard_2hop,100,3,adamic_adar,3728,0.296763,0.521191,0.454657,20867,372800,0.394152
seed42_hard_2hop,42,0.2,hard_2hop,100,5,adamic_adar,3728,0.269206,0.597639,0.454657,20867,372800,0.394152
seed42_hard_2hop,42,0.2,hard_2hop,100,10,adamic_adar,3728,0.221808,0.682403,0.454657,20867,372800,0.394152
seed42_hard_2hop,42,0.2,hard_2hop,100,20,adamic_adar,3728,0.166497,0.735783,0.454657,20867,372800,0.394152
seed42_hard_2hop,42,0.2,hard_2hop,100,1,personalized_pagerank,3728,0.370708,0.370708,0.490882,20867,372800,12.753168
seed42_hard_2hop,42,0.2,hard_2hop,100,3,personalized_pagerank,3728,0.308476,0.552575,0.490882,20867,372800,12.753168
seed42_hard_2hop,42,0.2,hard_2hop,100,5,personalized_pagerank,3728,0.275805,0.628219,0.490882,20867,372800,12.753168
seed42_hard_2hop,42,0.2,hard_2hop,100,10,personalized_pagerank,3728,0.22323,0.717543,0.490882,20867,372800,12.753168
seed42_hard_2hop,42,0.2,hard_2hop,100,20,personalized_pagerank,3728,0.16765,0.79882,0.490882,20867,372800,12.753168
seed42_hard_2hop,42,0.2,hard_2hop,100,1,resource_allocation,3728,0.325912,0.325912,0.445902,20867,372800,0.3726
seed42_hard_2hop,42,0.2,hard_2hop,100,3,resource_allocation,3728,0.285587,0.505633,0.445902,20867,372800,0.3726
seed42_hard_2hop,42,0.2,hard_2hop,100,5,resource_allocation,3728,0.262607,0.59603,0.445902,20867,372800,0.3726
seed42_hard_2hop,42,0.2,hard_2hop,100,10,resource_allocation,3728,0.216014,0.678916,0.445902,20867,372800,0.3726
seed42_hard_2hop,42,0.2,hard_2hop,100,20,resource_allocation,3728,0.163305,0.734174,0.445902,20867,372800,0.3726
seed42_hard_2hop,42,0.2,hard_2hop,100,1,preferential_attachment,3728,0.215397,0.215397,0.34766,20867,372800,0.163309
seed42_hard_2hop,42,0.2,hard_2hop,100,3,preferential_attachment,3728,0.199124,0.398069,0.34766,20867,372800,0.163309
seed42_hard_2hop,42,0.2,hard_2hop,100,5,preferential_attachment,3728,0.18353,0.484979,0.34766,20867,372800,0.163309
seed42_hard_2hop,42,0.2,hard_2hop,100,10,preferential_attachment,3728,0.162312,0.615343,0.34766,20867,372800,0.163309
seed42_hard_2hop,42,0.2,hard_2hop,100,20,preferential_attachment,3728,0.137607,0.747049,0.34766,20867,372800,0.163309
seed42_hard_2hop,42,0.2,hard_2hop,100,1,cosine_similarity,3728,0.23176,0.23176,0.357559,20867,372800,0.316811
seed42_hard_2hop,42,0.2,hard_2hop,100,3,cosine_similarity,3728,0.226127,0.396727,0.357559,20867,372800,0.316811
seed42_hard_2hop,42,0.2,hard_2hop,100,5,cosine_similarity,3728,0.218723,0.498122,0.357559,20867,372800,0.316811
seed42_hard_2hop,42,0.2,hard_2hop,100,10,cosine_similarity,3728,0.19544,0.645655,0.357559,20867,372800,0.316811
seed42_hard_2hop,42,0.2,hard_2hop,100,20,cosine_similarity,3728,0.156921,0.732564,0.357559,20867,372800,0.316811
seed42_hard_2hop,42,0.2,hard_2hop,100,1,sorensen,3728,0.240343,0.240343,0.363244,20867,372800,0.30501
seed42_hard_2hop,42,0.2,hard_2hop,100,3,sorensen,3728,0.235962,0.404506,0.363244,20867,372800,0.30501
seed42_hard_2hop,42,0.2,hard_2hop,100,5,sorensen,3728,0.226448,0.493294,0.363244,20867,372800,0.30501
seed42_hard_2hop,42,0.2,hard_2hop,100,10,sorensen,3728,0.204721,0.631438,0.363244,20867,372800,0.30501
seed42_hard_2hop,42,0.2,hard_2hop,100,20,sorensen,3728,0.163117,0.731491,0.363244,20867,372800,0.30501
seed42_hard_2hop,42,0.2,hard_2hop,100,1,target_indegree,3728,0.293991,0.293991,0.420945,20867,372800,0.127845
seed42_hard_2hop,42,0.2,hard_2hop,100,3,target_indegree,3728,0.246871,0.473176,0.420945,20867,372800,0.127845
seed42_hard_2hop,42,0.2,hard_2hop,100,5,target_indegree,3728,0.220601,0.557135,0.420945,20867,372800,0.127845
seed42_hard_2hop,42,0.2,hard_2hop,100,10,target_indegree,3728,0.185542,0.667918,0.420945,20867,372800,0.127845
seed42_hard_2hop,42,0.2,hard_2hop,100,20,target_indegree,3728,0.151824,0.800161,0.420945,20867,372800,0.127845
seed100_random,100,0.2,random,100,1,common_neighbors,3728,0.380365,0.380365,0.500089,20867,372800,0.267573
seed100_random,100,0.2,random,100,3,common_neighbors,3728,0.318938,0.57779,0.500089,20867,372800,0.267573
seed100_random,100,0.2,random,100,5,common_neighbors,3728,0.282135,0.64324,0.500089,20867,372800,0.267573
seed100_random,100,0.2,random,100,10,common_neighbors,3728,0.227817,0.713788,0.500089,20867,372800,0.267573
seed100_random,100,0.2,random,100,20,common_neighbors,3728,0.169769,0.756974,0.500089,20867,372800,0.267573
seed100_random,100,0.2,random,100,1,jaccard,3728,0.282725,0.282725,0.418213,20867,372800,0.676746
seed100_random,100,0.2,random,100,3,jaccard,3728,0.268687,0.484979,0.418213,20867,372800,0.676746
seed100_random,100,0.2,random,100,5,jaccard,3728,0.253004,0.586373,0.418213,20867,372800,0.676746
seed100_random,100,0.2,random,100,10,jaccard,3728,0.218589,0.695815,0.418213,20867,372800,0.676746
seed100_random,100,0.2,random,100,20,jaccard,3728,0.168804,0.755901,0.418213,20867,372800,0.676746
seed100_random,100,0.2,random,100,1,adamic_adar,3728,0.382511,0.382511,0.503797,20867,372800,0.362813
seed100_random,100,0.2,random,100,3,adamic_adar,3728,0.320637,0.583423,0.503797,20867,372800,0.362813
seed100_random,100,0.2,random,100,5,adamic_adar,3728,0.283906,0.647532,0.503797,20867,372800,0.362813
seed100_random,100,0.2,random,100,10,adamic_adar,3728,0.23007,0.716202,0.503797,20867,372800,0.362813
seed100_random,100,0.2,random,100,20,adamic_adar,3728,0.169997,0.758047,0.503797,20867,372800,0.362813
seed100_random,100,0.2,random,100,1,personalized_pagerank,3728,0.404238,0.404238,0.536187,20867,372800,12.69422
seed100_random,100,0.2,random,100,3,personalized_pagerank,3728,0.340665,0.618294,0.536187,20867,372800,12.69422
seed100_random,100,0.2,random,100,5,personalized_pagerank,3728,0.299356,0.695815,0.536187,20867,372800,12.69422
seed100_random,100,0.2,random,100,10,personalized_pagerank,3728,0.238251,0.784603,0.536187,20867,372800,12.69422
seed100_random,100,0.2,random,100,20,personalized_pagerank,3728,0.172854,0.842006,0.536187,20867,372800,12.69422
seed100_random,100,0.2,random,100,1,resource_allocation,3728,0.363734,0.363734,0.490024,20867,372800,0.346461
seed100_random,100,0.2,random,100,3,resource_allocation,3728,0.309818,0.570815,0.490024,20867,372800,0.346461
seed100_random,100,0.2,random,100,5,resource_allocation,3728,0.27618,0.645386,0.490024,20867,372800,0.346461
seed100_random,100,0.2,random,100,10,resource_allocation,3728,0.22441,0.714324,0.490024,20867,372800,0.346461
seed100_random,100,0.2,random,100,20,resource_allocation,3728,0.166872,0.757511,0.490024,20867,372800,0.346461
seed100_random,100,0.2,random,100,1,preferential_attachment,3728,0.23632,0.23632,0.396101,20867,372800,0.158992
seed100_random,100,0.2,random,100,3,preferential_attachment,3728,0.222818,0.462983,0.396101,20867,372800,0.158992
seed100_random,100,0.2,random,100,5,preferential_attachment,3728,0.208745,0.575912,0.396101,20867,372800,0.158992
seed100_random,100,0.2,random,100,10,preferential_attachment,3728,0.182591,0.736052,0.396101,20867,372800,0.158992
seed100_random,100,0.2,random,100,20,preferential_attachment,3728,0.152025,0.889753,0.396101,20867,372800,0.158992
seed100_random,100,0.2,random,100,1,cosine_similarity,3728,0.279238,0.279238,0.416291,20867,372800,0.299454
seed100_random,100,0.2,random,100,3,cosine_similarity,3728,0.259388,0.482564,0.416291,20867,372800,0.299454
seed100_random,100,0.2,random,100,5,cosine_similarity,3728,0.24426,0.591202,0.416291,20867,372800,0.299454
seed100_random,100,0.2,random,100,10,cosine_similarity,3728,0.210891,0.701985,0.416291,20867,372800,0.299454
seed100_random,100,0.2,random,100,20,cosine_similarity,3728,0.162473,0.755901,0.416291,20867,372800,0.299454
seed100_random,100,0.2,random,100,1,sorensen,3728,0.282725,0.282725,0.418213,20867,372800,0.288588
seed100_random,100,0.2,random,100,3,sorensen,3728,0.268687,0.484979,0.418213,20867,372800,0.288588
seed100_random,100,0.2,random,100,5,sorensen,3728,0.253004,0.586373,0.418213,20867,372800,0.288588
seed100_random,100,0.2,random,100,10,sorensen,3728,0.218589,0.695815,0.418213,20867,372800,0.288588
seed100_random,100,0.2,random,100,20,sorensen,3728,0.168804,0.755901,0.418213,20867,372800,0.288588
seed100_random,100,0.2,random,100,1,target_indegree,3728,0.33235,0.33235,0.478891,20867,372800,0.215341
seed100_random,100,0.2,random,100,3,target_indegree,3728,0.276198,0.542382,0.478891,20867,372800,0.215341
seed100_random,100,0.2,random,100,5,target_indegree,3728,0.245547,0.638412,0.478891,20867,372800,0.215341
seed100_random,100,0.2,random,100,10,target_indegree,3728,0.204453,0.782994,0.478891,20867,372800,0.215341
seed100_random,100,0.2,random,100,20,target_indegree,3728,0.167208,0.934818,0.478891,20867,372800,0.215341
seed100_degree_matched,100,0.2,degree_matched,100,1,common_neighbors,3728,0.170064,0.170064,0.296492,20867,372800,0.369058
seed100_degree_matched,100,0.2,degree_matched,100,3,common_neighbors,3728,0.150304,0.342275,0.296492,20867,372800,0.369058
seed100_degree_matched,100,0.2,degree_matched,100,5,common_neighbors,3728,0.140665,0.441792,0.296492,20867,372800,0.369058
seed100_degree_matched,100,0.2,degree_matched,100,10,common_neighbors,3728,0.122961,0.559281,0.296492,20867,372800,0.369058
seed100_degree_matched,100,0.2,degree_matched,100,20,common_neighbors,3728,0.10342,0.671942,0.296492,20867,372800,0.369058
seed100_degree_matched,100,0.2,degree_matched,100,1,jaccard,3728,0.220225,0.220225,0.336855,20867,372800,1.410189
seed100_degree_matched,100,0.2,degree_matched,100,3,jaccard,3728,0.184371,0.377682,0.336855,20867,372800,1.410189
seed100_degree_matched,100,0.2,degree_matched,100,5,jaccard,3728,0.169045,0.460569,0.336855,20867,372800,1.410189
seed100_degree_matched,100,0.2,degree_matched,100,10,jaccard,3728,0.141443,0.566792,0.336855,20867,372800,1.410189
seed100_degree_matched,100,0.2,degree_matched,100,20,jaccard,3728,0.114565,0.675697,0.336855,20867,372800,1.410189
seed100_degree_matched,100,0.2,degree_matched,100,1,adamic_adar,3728,0.179453,0.179453,0.306119,20867,372800,0.603911
seed100_degree_matched,100,0.2,degree_matched,100,3,adamic_adar,3728,0.153165,0.349785,0.306119,20867,372800,0.603911
seed100_degree_matched,100,0.2,degree_matched,100,5,adamic_adar,3728,0.144689,0.454936,0.306119,20867,372800,0.603911
seed100_degree_matched,100,0.2,degree_matched,100,10,adamic_adar,3728,0.126153,0.569474,0.306119,20867,372800,0.603911
seed100_degree_matched,100,0.2,degree_matched,100,20,adamic_adar,3728,0.104842,0.679453,0.306119,20867,372800,0.603911
seed100_degree_matched,100,0.2,degree_matched,100,1,personalized_pagerank,3728,0.173283,0.173283,0.294479,20867,372800,12.777997
seed100_degree_matched,100,0.2,degree_matched,100,3,personalized_pagerank,3728,0.143866,0.331545,0.294479,20867,372800,12.777997
seed100_degree_matched,100,0.2,degree_matched,100,5,personalized_pagerank,3728,0.130526,0.42221,0.294479,20867,372800,12.777997
seed100_degree_matched,100,0.2,degree_matched,100,10,personalized_pagerank,3728,0.111534,0.538358,0.294479,20867,372800,12.777997
seed100_degree_matched,100,0.2,degree_matched,100,20,personalized_pagerank,3728,0.092851,0.666041,0.294479,20867,372800,12.777997
seed100_degree_matched,100,0.2,degree_matched,100,1,resource_allocation,3728,0.186159,0.186159,0.3117,20867,372800,0.568861
seed100_degree_matched,100,0.2,degree_matched,100,3,resource_allocation,3728,0.157189,0.3522,0.3117,20867,372800,0.568861
seed100_degree_matched,100,0.2,degree_matched,100,5,resource_allocation,3728,0.145386,0.448766,0.3117,20867,372800,0.568861
seed100_degree_matched,100,0.2,degree_matched,100,10,resource_allocation,3728,0.128085,0.574303,0.3117,20867,372800,0.568861
seed100_degree_matched,100,0.2,degree_matched,100,20,resource_allocation,3728,0.106156,0.684013,0.3117,20867,372800,0.568861
seed100_degree_matched,100,0.2,degree_matched,100,1,preferential_attachment,3728,0.05338,0.05338,0.143297,20867,372800,0.154664
seed100_degree_matched,100,0.2,degree_matched,100,3,preferential_attachment,3728,0.049803,0.130901,0.143297,20867,372800,0.154664
seed100_degree_matched,100,0.2,degree_matched,100,5,preferential_attachment,3728,0.051288,0.204936,0.143297,20867,372800,0.154664
seed100_degree_matched,100,0.2,degree_matched,100,10,preferential_attachment,3728,0.051529,0.339056,0.143297,20867,372800,0.154664
seed100_degree_matched,100,0.2,degree_matched,100,20,preferential_attachment,3728,0.049249,0.49088,0.143297,20867,372800,0.154664
seed100_degree_matched,100,0.2,degree_matched,100,1,cosine_similarity,3728,0.21647,0.21647,0.335196,20867,372800,0.407225
seed100_degree_matched,100,0.2,degree_matched,100,3,cosine_similarity,3728,0.18294,0.379828,0.335196,20867,372800,0.407225
seed100_degree_matched,100,0.2,degree_matched,100,5,cosine_similarity,3728,0.164968,0.459764,0.335196,20867,372800,0.407225
seed100_degree_matched,100,0.2,degree_matched,100,10,cosine_similarity,3728,0.141255,0.571352,0.335196,20867,372800,0.407225
seed100_degree_matched,100,0.2,degree_matched,100,20,cosine_similarity,3728,0.115866,0.679721,0.335196,20867,372800,0.407225
seed100_degree_matched,100,0.2,degree_matched,100,1,sorensen,3728,0.220225,0.220225,0.336855,20867,372800,0.385457
seed100_degree_matched,100,0.2,degree_matched,100,3,sorensen,3728,0.184371,0.377682,0.336855,20867,372800,0.385457
seed100_degree_matched,100,0.2,degree_matched,100,5,sorensen,3728,0.169045,0.460569,0.336855,20867,372800,0.385457
seed100_degree_matched,100,0.2,degree_matched,100,10,sorensen,3728,0.141443,0.566792,0.336855,20867,372800,0.385457
seed100_degree_matched,100,0.2,degree_matched,100,20,sorensen,3728,0.114565,0.675697,0.336855,20867,372800,0.385457
seed100_degree_matched,100,0.2,degree_matched,100,1,target_indegree,3728,0.057403,0.057403,0.155197,20867,372800,0.208666
seed100_degree_matched,100,0.2,degree_matched,100,3,target_indegree,3728,0.054363,0.152361,0.155197,20867,372800,0.208666
seed100_degree_matched,100,0.2,degree_matched,100,5,target_indegree,3728,0.05279,0.225322,0.155197,20867,372800,0.208666
seed100_degree_matched,100,0.2,degree_matched,100,10,target_indegree,3728,0.051314,0.359174,0.155197,20867,372800,0.208666
seed100_degree_matched,100,0.2,degree_matched,100,20,target_indegree,3728,0.049128,0.516094,0.155197,20867,372800,0.208666
seed100_hard_2hop,100,0.2,hard_2hop,100,1,common_neighbors,3728,0.333691,0.333691,0.453941,20867,372800,0.287591
seed100_hard_2hop,100,0.2,hard_2hop,100,3,common_neighbors,3728,0.294349,0.523605,0.453941,20867,372800,0.287591
seed100_hard_2hop,100,0.2,hard_2hop,100,5,common_neighbors,3728,0.265397,0.594421,0.453941,20867,372800,0.287591
seed100_hard_2hop,100,0.2,hard_2hop,100,10,common_neighbors,3728,0.21934,0.675966,0.453941,20867,372800,0.287591
seed100_hard_2hop,100,0.2,hard_2hop,100,20,common_neighbors,3728,0.165477,0.732833,0.453941,20867,372800,0.287591
seed100_hard_2hop,100,0.2,hard_2hop,100,1,jaccard,3728,0.24088,0.24088,0.363125,20867,372800,0.818277
seed100_hard_2hop,100,0.2,hard_2hop,100,3,jaccard,3728,0.239181,0.404506,0.363125,20867,372800,0.818277
seed100_hard_2hop,100,0.2,hard_2hop,100,5,jaccard,3728,0.227843,0.501341,0.363125,20867,372800,0.818277
seed100_hard_2hop,100,0.2,hard_2hop,100,10,jaccard,3728,0.203326,0.636266,0.363125,20867,372800,0.818277
seed100_hard_2hop,100,0.2,hard_2hop,100,20,jaccard,3728,0.16246,0.732296,0.363125,20867,372800,0.818277
seed100_hard_2hop,100,0.2,hard_2hop,100,1,adamic_adar,3728,0.340397,0.340397,0.459357,20867,372800,0.386132
seed100_hard_2hop,100,0.2,hard_2hop,100,3,adamic_adar,3728,0.297836,0.528702,0.459357,20867,372800,0.386132
seed100_hard_2hop,100,0.2,hard_2hop,100,5,adamic_adar,3728,0.268723,0.604345,0.459357,20867,372800,0.386132
seed100_hard_2hop,100,0.2,hard_2hop,100,10,adamic_adar,3728,0.220574,0.681062,0.459357,20867,372800,0.386132
seed100_hard_2hop,100,0.2,hard_2hop,100,20,adamic_adar,3728,0.165652,0.734442,0.459357,20867,372800,0.386132
seed100_hard_2hop,100,0.2,hard_2hop,100,1,personalized_pagerank,3728,0.363466,0.363466,0.483673,20867,372800,12.769944
seed100_hard_2hop,100,0.2,hard_2hop,100,3,personalized_pagerank,3728,0.30946,0.550697,0.483673,20867,372800,12.769944
seed100_hard_2hop,100,0.2,hard_2hop,100,5,personalized_pagerank,3728,0.276019,0.620708,0.483673,20867,372800,12.769944
seed100_hard_2hop,100,0.2,hard_2hop,100,10,personalized_pagerank,3728,0.223981,0.709227,0.483673,20867,372800,12.769944
seed100_hard_2hop,100,0.2,hard_2hop,100,20,personalized_pagerank,3728,0.167476,0.791041,0.483673,20867,372800,12.769944
seed100_hard_2hop,100,0.2,hard_2hop,100,1,resource_allocation,3728,0.329936,0.329936,0.450497,20867,372800,0.36731
seed100_hard_2hop,100,0.2,hard_2hop,100,3,resource_allocation,3728,0.285855,0.51985,0.450497,20867,372800,0.36731
seed100_hard_2hop,100,0.2,hard_2hop,100,5,resource_allocation,3728,0.259871,0.597639,0.450497,20867,372800,0.36731
seed100_hard_2hop,100,0.2,hard_2hop,100,10,resource_allocation,3728,0.214726,0.68133,0.450497,20867,372800,0.36731
seed100_hard_2hop,100,0.2,hard_2hop,100,20,resource_allocation,3728,0.162299,0.734442,0.450497,20867,372800,0.36731
seed100_hard_2hop,100,0.2,hard_2hop,100,1,preferential_attachment,3728,0.210837,0.210837,0.34377,20867,372800,0.16518
seed100_hard_2hop,100,0.2,hard_2hop,100,3,preferential_attachment,3728,0.194474,0.387607,0.34377,20867,372800,0.16518
seed100_hard_2hop,100,0.2,hard_2hop,100,5,preferential_attachment,3728,0.182135,0.479614,0.34377,20867,372800,0.16518
seed100_hard_2hop,100,0.2,hard_2hop,100,10,preferential_attachment,3728,0.164619,0.617489,0.34377,20867,372800,0.16518
seed100_hard_2hop,100,0.2,hard_2hop,100,20,preferential_attachment,3728,0.13801,0.750268,0.34377,20867,372800,0.16518
seed100_hard_2hop,100,0.2,hard_2hop,100,1,cosine_similarity,3728,0.237393,0.237393,0.363013,20867,372800,0.316729
seed100_hard_2hop,100,0.2,hard_2hop,100,3,cosine_similarity,3728,0.229435,0.402361,0.363013,20867,372800,0.316729
seed100_hard_2hop,100,0.2,hard_2hop,100,5,cosine_similarity,3728,0.218294,0.505365,0.363013,20867,372800,0.316729
seed100_hard_2hop,100,0.2,hard_2hop,100,10,cosine_similarity,3728,0.195628,0.653165,0.363013,20867,372800,0.316729
seed100_hard_2hop,100,0.2,hard_2hop,100,20,cosine_similarity,3728,0.156277,0.731223,0.363013,20867,372800,0.316729
seed100_hard_2hop,100,0.2,hard_2hop,100,1,sorensen,3728,0.24088,0.24088,0.363125,20867,372800,0.307042
seed100_hard_2hop,100,0.2,hard_2hop,100,3,sorensen,3728,0.239181,0.404506,0.363125,20867,372800,0.307042
seed100_hard_2hop,100,0.2,hard_2hop,100,5,sorensen,3728,0.227843,0.501341,0.363125,20867,372800,0.307042
seed100_hard_2hop,100,0.2,hard_2hop,100,10,sorensen,3728,0.203326,0.636266,0.363125,20867,372800,0.307042
seed100_hard_2hop,100,0.2,hard_2hop,100,20,sorensen,3728,0.16246,0.732296,0.363125,20867,372800,0.307042
seed100_hard_2hop,100,0.2,hard_2hop,100,1,target_indegree,3728,0.293723,0.293723,0.42101,20867,372800,0.208783
seed100_hard_2hop,100,0.2,hard_2hop,100,3,target_indegree,3728,0.248569,0.470494,0.42101,20867,372800,0.208783
seed100_hard_2hop,100,0.2,hard_2hop,100,5,target_indegree,3728,0.221084,0.552039,0.42101,20867,372800,0.208783
seed100_hard_2hop,100,0.2,hard_2hop,100,10,target_indegree,3728,0.184898,0.665773,0.42101,20867,372800,0.208783
seed100_hard_2hop,100,0.2,hard_2hop,100,20,target_indegree,3728,0.152387,0.803112,0.42101,20867,372800,0.208783
