algorithm,k,negative_strategy,negatives_per_source,test_ratio,runs,mean_precision_at_k,std_precision_at_k,mean_hit_rate_at_k,std_hit_rate_at_k,mean_mrr,std_mrr,mean_runtime_seconds,std_runtime_seconds
adamic_adar,1,degree_matched,20,0.2,1,0.71,0.0,0.71,0.0,0.818944,0.0,0.008236,0.0
adamic_adar,1,hard_2hop,20,0.2,1,0.75,0.0,0.75,0.0,0.835667,0.0,0.007156,0.0
adamic_adar,1,random,20,0.2,1,0.85,0.0,0.85,0.0,0.90081,0.0,0.007402,0.0
adamic_adar,10,degree_matched,20,0.2,1,0.479,0.0,0.99,0.0,0.818944,0.0,0.008236,0.0
adamic_adar,10,hard_2hop,20,0.2,1,0.552,0.0,0.99,0.0,0.835667,0.0,0.007156,0.0
adamic_adar,10,random,20,0.2,1,0.56,0.0,0.99,0.0,0.90081,0.0,0.007402,0.0
adamic_adar,3,degree_matched,20,0.2,1,0.613333,0.0,0.91,0.0,0.818944,0.0,0.008236,0.0
adamic_adar,3,hard_2hop,20,0.2,1,0.686667,0.0,0.91,0.0,0.835667,0.0,0.007156,0.0
adamic_adar,3,random,20,0.2,1,0.72,0.0,0.93,0.0,0.90081,0.0,0.007402,0.0
common_neighbors,1,degree_matched,20,0.2,1,0.73,0.0,0.73,0.0,0.831754,0.0,0.004814,0.0
common_neighbors,1,hard_2hop,20,0.2,1,0.75,0.0,0.75,0.0,0.838167,0.0,0.004582,0.0
common_neighbors,1,random,20,0.2,1,0.86,0.0,0.86,0.0,0.907976,0.0,0.004066,0.0
common_neighbors,10,degree_matched,20,0.2,1,0.487,0.0,0.98,0.0,0.831754,0.0,0.004814,0.0
common_neighbors,10,hard_2hop,20,0.2,1,0.556,0.0,0.99,0.0,0.838167,0.0,0.004582,0.0
common_neighbors,10,random,20,0.2,1,0.562,0.0,0.99,0.0,0.907976,0.0,0.004066,0.0
common_neighbors,3,degree_matched,20,0.2,1,0.616667,0.0,0.9,0.0,0.831754,0.0,0.004814,0.0
common_neighbors,3,hard_2hop,20,0.2,1,0.69,0.0,0.9,0.0,0.838167,0.0,0.004582,0.0
common_neighbors,3,random,20,0.2,1,0.726667,0.0,0.94,0.0,0.907976,0.0,0.004066,0.0
cosine_similarity,1,degree_matched,20,0.2,1,0.71,0.0,0.71,0.0,0.806599,0.0,0.005539,0.0
cosine_similarity,1,hard_2hop,20,0.2,1,0.63,0.0,0.63,0.0,0.7585,0.0,0.004663,0.0
cosine_similarity,1,random,20,0.2,1,0.75,0.0,0.75,0.0,0.84581,0.0,0.004355,0.0
cosine_similarity,10,degree_matched,20,0.2,1,0.5,0.0,0.99,0.0,0.806599,0.0,0.005539,0.0
cosine_similarity,10,hard_2hop,20,0.2,1,0.53,0.0,0.99,0.0,0.7585,0.0,0.004663,0.0
cosine_similarity,10,random,20,0.2,1,0.548,0.0,0.99,0.0,0.84581,0.0,0.004355,0.0
cosine_similarity,3,degree_matched,20,0.2,1,0.613333,0.0,0.87,0.0,0.806599,0.0,0.005539,0.0
cosine_similarity,3,hard_2hop,20,0.2,1,0.623333,0.0,0.84,0.0,0.7585,0.0,0.004663,0.0
cosine_similarity,3,random,20,0.2,1,0.69,0.0,0.93,0.0,0.84581,0.0,0.004355,0.0
jaccard,1,degree_matched,20,0.2,1,0.72,0.0,0.72,0.0,0.816444,0.0,0.014567,0.0
jaccard,1,hard_2hop,20,0.2,1,0.69,0.0,0.69,0.0,0.7985,0.0,0.012215,0.0
jaccard,1,random,20,0.2,1,0.8,0.0,0.8,0.0,0.874976,0.0,0.011037,0.0
jaccard,10,degree_matched,20,0.2,1,0.499,0.0,0.99,0.0,0.816444,0.0,0.014567,0.0
jaccard,10,hard_2hop,20,0.2,1,0.544,0.0,0.99,0.0,0.7985,0.0,0.012215,0.0
jaccard,10,random,20,0.2,1,0.554,0.0,0.99,0.0,0.874976,0.0,0.011037,0.0
jaccard,3,degree_matched,20,0.2,1,0.623333,0.0,0.89,0.0,0.816444,0.0,0.014567,0.0
jaccard,3,hard_2hop,20,0.2,1,0.66,0.0,0.87,0.0,0.7985,0.0,0.012215,0.0
jaccard,3,random,20,0.2,1,0.703333,0.0,0.94,0.0,0.874976,0.0,0.011037,0.0
personalized_pagerank,1,degree_matched,20,0.2,1,0.7,0.0,0.7,0.0,0.804813,0.0,0.342025,0.0
personalized_pagerank,1,hard_2hop,20,0.2,1,0.8,0.0,0.8,0.0,0.875195,0.0,0.347784,0.0
personalized_pagerank,1,random,20,0.2,1,0.84,0.0,0.84,0.0,0.902119,0.0,0.346175,0.0
personalized_pagerank,10,degree_matched,20,0.2,1,0.447,0.0,0.98,0.0,0.804813,0.0,0.342025,0.0
personalized_pagerank,10,hard_2hop,20,0.2,1,0.548,0.0,0.97,0.0,0.875195,0.0,0.347784,0.0
personalized_pagerank,10,random,20,0.2,1,0.557,0.0,0.98,0.0,0.902119,0.0,0.346175,0.0
personalized_pagerank,3,degree_matched,20,0.2,1,0.573333,0.0,0.89,0.0,0.804813,0.0,0.342025,0.0
personalized_pagerank,3,hard_2hop,20,0.2,1,0.726667,0.0,0.95,0.0,0.875195,0.0,0.347784,0.0
personalized_pagerank,3,random,20,0.2,1,0.75,0.0,0.96,0.0,0.902119,0.0,0.346175,0.0
preferential_attachment,1,degree_matched,20,0.2,1,0.26,0.0,0.26,0.0,0.454615,0.0,0.00139,0.0
preferential_attachment,1,hard_2hop,20,0.2,1,0.55,0.0,0.55,0.0,0.679962,0.0,0.001821,0.0
preferential_attachment,1,random,20,0.2,1,0.63,0.0,0.63,0.0,0.750607,0.0,0.001561,0.0
preferential_attachment,10,degree_matched,20,0.2,1,0.307,0.0,0.87,0.0,0.454615,0.0,0.00139,0.0
preferential_attachment,10,hard_2hop,20,0.2,1,0.436,0.0,0.9,0.0,0.679962,0.0,0.001821,0.0
preferential_attachment,10,random,20,0.2,1,0.487,0.0,1.0,0.0,0.750607,0.0,0.001561,0.0
preferential_attachment,3,degree_matched,20,0.2,1,0.273333,0.0,0.57,0.0,0.454615,0.0,0.00139,0.0
preferential_attachment,3,hard_2hop,20,0.2,1,0.506667,0.0,0.77,0.0,0.679962,0.0,0.001821,0.0
preferential_attachment,3,random,20,0.2,1,0.593333,0.0,0.85,0.0,0.750607,0.0,0.001561,0.0
resource_allocation,1,degree_matched,20,0.2,1,0.76,0.0,0.76,0.0,0.843837,0.0,0.007916,0.0
resource_allocation,1,hard_2hop,20,0.2,1,0.74,0.0,0.74,0.0,0.829333,0.0,0.007349,0.0
resource_allocation,1,random,20,0.2,1,0.84,0.0,0.84,0.0,0.894143,0.0,0.006624,0.0
resource_allocation,10,degree_matched,20,0.2,1,0.48,0.0,0.99,0.0,0.843837,0.0,0.007916,0.0
resource_allocation,10,hard_2hop,20,0.2,1,0.551,0.0,0.99,0.0,0.829333,0.0,0.007349,0.0
resource_allocation,10,random,20,0.2,1,0.555,0.0,0.99,0.0,0.894143,0.0,0.006624,0.0
resource_allocation,3,degree_matched,20,0.2,1,0.616667,0.0,0.91,0.0,0.843837,0.0,0.007916,0.0
resource_allocation,3,hard_2hop,20,0.2,1,0.686667,0.0,0.9,0.0,0.829333,0.0,0.007349,0.0
resource_allocation,3,random,20,0.2,1,0.72,0.0,0.93,0.0,0.894143,0.0,0.006624,0.0
sorensen,1,degree_matched,20,0.2,1,0.72,0.0,0.72,0.0,0.816444,0.0,0.00525,0.0
sorensen,1,hard_2hop,20,0.2,1,0.69,0.0,0.69,0.0,0.7985,0.0,0.004605,0.0
sorensen,1,random,20,0.2,1,0.8,0.0,0.8,0.0,0.874976,0.0,0.004111,0.0
sorensen,10,degree_matched,20,0.2,1,0.499,0.0,0.99,0.0,0.816444,0.0,0.00525,0.0
sorensen,10,hard_2hop,20,0.2,1,0.544,0.0,0.99,0.0,0.7985,0.0,0.004605,0.0
sorensen,10,random,20,0.2,1,0.554,0.0,0.99,0.0,0.874976,0.0,0.004111,0.0
sorensen,3,degree_matched,20,0.2,1,0.623333,0.0,0.89,0.0,0.816444,0.0,0.00525,0.0
sorensen,3,hard_2hop,20,0.2,1,0.66,0.0,0.87,0.0,0.7985,0.0,0.004605,0.0
sorensen,3,random,20,0.2,1,0.703333,0.0,0.94,0.0,0.874976,0.0,0.004111,0.0
target_indegree,1,degree_matched,20,0.2,1,0.64,0.0,0.64,0.0,0.755207,0.0,0.001046,0.0
target_indegree,1,hard_2hop,20,0.2,1,0.64,0.0,0.64,0.0,0.734634,0.0,0.001105,0.0
target_indegree,1,random,20,0.2,1,0.74,0.0,0.74,0.0,0.820167,0.0,0.001046,0.0
target_indegree,10,degree_matched,20,0.2,1,0.317,0.0,0.97,0.0,0.755207,0.0,0.001046,0.0
target_indegree,10,hard_2hop,20,0.2,1,0.45,0.0,0.93,0.0,0.734634,0.0,0.001105,0.0
target_indegree,10,random,20,0.2,1,0.499,0.0,1.0,0.0,0.820167,0.0,0.001046,0.0
target_indegree,3,degree_matched,20,0.2,1,0.376667,0.0,0.83,0.0,0.755207,0.0,0.001046,0.0
target_indegree,3,hard_2hop,20,0.2,1,0.536667,0.0,0.78,0.0,0.734634,0.0,0.001105,0.0
target_indegree,3,random,20,0.2,1,0.593333,0.0,0.85,0.0,0.820167,0.0,0.001046,0.0
